TITLE,PX,PY,DEPTH_TYPE,DEPTH_FLAT,Mglob,Nglob,TOTAL_TIME,PLOT_INTV,PLOT_INTV_STATION,SCREEN_INTV,DX,DY,WAVEMAKER,Tperiod,Xc_WK,AMP_WK,DEP_WK,Yc_WK,Theta_WK,Delta_WK,PERIODIC,DIFFUSION_SPONGE,FRICTION_SPONGE,DIRECT_SPONGE,Csp,Sponge_south_width,Sponge_north_width,Sponge_west_width,Sponge_east_width,Cd,CFL,FroudeCap,MinDepth,VISCOSITY_BREAKING,Cbrk1,Cbrk2,FIELD_IO_TYPE,DEPTH_OUT,ETA,MASK,U,V,STATIONS_FILE,NumberStations,PI_1,PI_2,PI_3,PI_4,PI_5,EPSILON,TAU_1,k,L,kh,failed_checks,COMBO_NUM
DYNAMIC,32,1,FLAT,2.0,7631,3,300.0,1.0,0.1,25.0,0.08645618572738833,0.08645618572738833,WK_REG,2.0,30.25966500458592,0.1,2.0,0.0,0.0,3.0,F,F,T,T,0.0,0.0,0.0,24.207732003668735,24.207732003668735,0.0,0.5,3.0,0.05,T,0.65,0.35,BINARY,T,T,T,F,F,DYNAMIC,50,4,1.0,50.0,50.0,4,0.05,150,1.0382113130180648,6.051933000917184,2.0764226260361296,filter_L70,16
DYNAMIC,32,1,FLAT,3.0,7631,3,300.0,1.0,0.1,25.0,0.0888040365921109,0.0888040365921109,WK_REG,2.0,31.081412807238816,0.15000000000000002,3.0,0.0,0.0,3.0,F,F,T,T,0.0,0.0,0.0,24.865130245791054,24.865130245791054,0.0,0.5,3.0,0.05,T,0.65,0.35,BINARY,T,T,T,F,F,DYNAMIC,50,4,1.0,50.0,50.0,4,0.05,150,1.0107625007503265,6.2162825614477635,3.0322875022509796,filter_L70,31
DYNAMIC,32,1,FLAT,3.0,7631,3,450.0,1.0,0.1,25.0,0.18119104698568644,0.18119104698568644,WK_REG,3.0,63.41686644499026,0.15000000000000002,3.0,0.0,0.0,3.0,F,F,T,T,0.0,0.0,0.0,50.73349315599221,50.73349315599221,0.0,0.5,3.0,0.05,T,0.65,0.35,BINARY,T,T,T,F,F,DYNAMIC,50,4,1.0,50.0,50.0,4,0.05,150,0.495387556923032,12.683373288998052,1.486162670769096,filter_L70,32
DYNAMIC,32,1,FLAT,4.0,7630,3,300.0,1.0,0.1,25.0,0.08916100452728455,0.08916100452728455,WK_REG,2.0,31.206351584549594,0.2,4.0,0.0,0.0,3.0,F,F,T,T,0.0,0.0,0.0,24.965081267639675,24.965081267639675,0.0,0.5,3.0,0.05,T,0.65,0.35,BINARY,T,T,T,F,F,DYNAMIC,50,4,1.0,50.0,50.0,4,0.05,150,1.0067157787023107,6.241270316909919,4.026863114809243,"filter_kh, filter_L70",46
DYNAMIC,32,1,FLAT,4.0,7631,3,450.0,1.0,0.1,25.0,0.1915108037893097,0.1915108037893097,WK_REG,3.0,67.0287813262584,0.2,4.0,0.0,0.0,3.0,F,F,T,T,0.0,0.0,0.0,53.62302506100672,53.62302506100672,0.0,0.5,3.0,0.05,T,0.65,0.35,BINARY,T,T,T,F,F,DYNAMIC,50,4,1.0,50.0,50.0,4,0.05,150,0.4686930884657275,13.40575626525168,1.87477235386291,filter_L70,47
DYNAMIC,32,1,FLAT,5.0,7631,3,300.0,1.0,0.1,25.0,0.0892100972778016,0.0892100972778016,WK_REG,2.0,31.223534047230565,0.25,5.0,0.0,0.0,3.0,F,F,T,T,0.0,0.0,0.0,24.97882723778445,24.97882723778445,0.0,0.5,3.0,0.05,T,0.65,0.35,BINARY,T,T,T,F,F,DYNAMIC,50,4,1.0,50.0,50.0,4,0.05,150,1.0061617781118672,6.244706809446113,5.030808890559336,"filter_kh, filter_L70",61
DYNAMIC,32,1,FLAT,5.0,7630,3,450.0,1.0,0.1,25.0,0.19660551061044518,0.19660551061044518,WK_REG,3.0,68.81192871365582,0.25,5.0,0.0,0.0,3.0,F,F,T,T,0.0,0.0,0.0,55.04954297092465,55.04954297092465,0.0,0.5,3.0,0.05,T,0.65,0.35,BINARY,T,T,T,F,F,DYNAMIC,50,4,1.0,50.0,50.0,4,0.05,150,0.45654768182167527,13.762385742731162,2.282738409108376,filter_L70,62
DYNAMIC,32,1,FLAT,5.0,7631,3,600.0,1.0,0.1,25.0,0.31711669515605967,0.31711669515605967,WK_REG,4.0,110.9908433046209,0.25,5.0,0.0,0.0,3.0,F,F,T,T,0.0,0.0,0.0,88.79267464369671,88.79267464369671,0.0,0.5,3.0,0.05,T,0.65,0.35,BINARY,T,T,T,F,F,DYNAMIC,50,4,1.0,50.0,50.0,4,0.05,150,0.2830497147379543,22.19816866092418,1.4152485736897715,filter_L70,63
DYNAMIC,32,1,FLAT,6.0,7631,3,300.0,1.0,0.1,25.0,0.08921669470509654,0.08921669470509654,WK_REG,2.0,31.225843146783788,0.30000000000000004,6.0,0.0,0.0,3.0,F,F,T,T,0.0,0.0,0.0,24.98067451742703,24.98067451742703,0.0,0.5,3.0,0.05,T,0.65,0.35,BINARY,T,T,T,F,F,DYNAMIC,50,4,1.0,50.0,50.0,4,0.05,150,1.0060873741093432,6.245168629356757,6.036524244656059,"filter_kh, filter_L70",76
DYNAMIC,32,1,FLAT,6.0,7630,3,450.0,1.0,0.1,25.0,0.19895925173718662,0.19895925173718662,WK_REG,3.0,69.63573810801532,0.30000000000000004,6.0,0.0,0.0,3.0,F,F,T,T,0.0,0.0,0.0,55.708590486412255,55.708590486412255,0.0,0.5,3.0,0.05,T,0.65,0.35,BINARY,T,T,T,F,F,DYNAMIC,50,4,1.0,50.0,50.0,4,0.05,150,0.45114660071768303,13.927147621603064,2.7068796043060983,filter_L70,77
DYNAMIC,32,1,FLAT,6.0,7631,3,600.0,1.0,0.1,25.0,0.33046829956133494,0.33046829956133494,WK_REG,4.0,115.66390484646723,0.30000000000000004,6.0,0.0,0.0,3.0,F,F,T,T,0.0,0.0,0.0,92.53112387717378,92.53112387717378,0.0,0.5,3.0,0.05,T,0.65,0.35,BINARY,T,T,T,F,F,DYNAMIC,50,4,1.0,50.0,50.0,4,0.05,150,0.271613919464327,23.132780969293446,1.629683516785962,filter_L70,78
DYNAMIC,32,1,FLAT,7.0,7630,3,300.0,1.0,0.1,25.0,0.08921757754125112,0.08921757754125112,WK_REG,2.0,31.22615213943789,0.35000000000000003,7.0,0.0,0.0,3.0,F,F,T,T,0.0,0.0,0.0,24.980921711550312,24.980921711550312,0.0,0.5,3.0,0.05,T,0.65,0.35,BINARY,T,T,T,F,F,DYNAMIC,50,4,1.0,50.0,50.0,4,0.05,150,1.0060774185564914,6.245230427887578,7.04254192989544,"filter_kh, filter_L70",91
DYNAMIC,32,1,FLAT,7.0,7630,3,450.0,1.0,0.1,25.0,0.19999170776575287,0.19999170776575287,WK_REG,3.0,69.9970977180135,0.35000000000000003,7.0,0.0,0.0,3.0,F,F,T,T,0.0,0.0,0.0,55.9976781744108,55.9976781744108,0.0,0.5,3.0,0.05,T,0.65,0.35,BINARY,T,T,T,F,F,DYNAMIC,50,4,1.0,50.0,50.0,4,0.05,150,0.4488175590144955,13.9994195436027,3.1417229131014683,"filter_kh, filter_L70",92
DYNAMIC,32,1,FLAT,7.0,7630,3,600.0,1.0,0.1,25.0,0.3396474912955602,0.3396474912955602,WK_REG,4.0,118.87662195344606,0.35000000000000003,7.0,0.0,0.0,3.0,F,F,T,T,0.0,0.0,0.0,95.10129756275686,95.10129756275686,0.0,0.5,3.0,0.05,T,0.65,0.35,BINARY,T,T,T,F,F,DYNAMIC,50,4,1.0,50.0,50.0,4,0.05,150,0.26427337873211854,23.775324390689214,1.8499136511248297,filter_L70,93
DYNAMIC,32,1,FLAT,8.0,7631,3,300.0,1.0,0.1,25.0,0.08921769559325829,0.08921769559325829,WK_REG,2.0,31.226193457640402,0.4,8.0,0.0,0.0,3.0,F,F,T,T,0.0,0.0,0.0,24.980954766112323,24.980954766112323,0.0,0.5,3.0,0.05,T,0.65,0.35,BINARY,T,T,T,F,F,DYNAMIC,50,4,1.0,50.0,50.0,4,0.05,150,1.0060760873244095,6.245238691528081,8.048608698595276,"filter_kh, filter_L70",106
DYNAMIC,32,1,FLAT,8.0,7631,3,450.0,1.0,0.1,25.0,0.20042979947312145,0.20042979947312145,WK_REG,3.0,70.1504298155925,0.4,8.0,0.0,0.0,3.0,F,F,T,T,0.0,0.0,0.0,56.12034385247401,56.12034385247401,0.0,0.5,3.0,0.05,T,0.65,0.35,BINARY,T,T,T,F,F,DYNAMIC,50,4,1.0,50.0,50.0,4,0.05,150,0.44783655094462493,14.030085963118502,3.5826924075569995,"filter_kh, filter_L70",107
DYNAMIC,32,1,FLAT,8.0,7631,3,600.0,1.0,0.1,25.0,0.34582474290955334,0.34582474290955334,WK_REG,4.0,121.03866001834368,0.4,8.0,0.0,0.0,3.0,F,F,T,T,0.0,0.0,0.0,96.83092801467494,96.83092801467494,0.0,0.5,3.0,0.05,T,0.65,0.35,BINARY,T,T,T,F,F,DYNAMIC,50,4,1.0,50.0,50.0,4,0.05,150,0.2595528282545162,24.207732003668735,2.0764226260361296,filter_L70,108
DYNAMIC,32,1,FLAT,8.0,7630,3,750.0,1.0,0.1,25.0,0.4984162173464397,0.4984162173464397,WK_REG,5.0,174.4456760712539,0.4,8.0,0.0,0.0,3.0,F,F,T,T,0.0,0.0,0.0,139.5565408570031,139.5565408570031,0.0,0.5,3.0,0.05,T,0.65,0.35,BINARY,T,T,T,F,F,DYNAMIC,50,4,1.0,50.0,50.0,4,0.05,150,0.1800900271272176,34.88913521425078,1.440720217017741,filter_L70,109
DYNAMIC,32,1,FLAT,9.0,7630,3,300.0,1.0,0.1,25.0,0.08921771137719384,0.08921771137719384,WK_REG,2.0,31.22619898201784,0.45,9.0,0.0,0.0,3.0,F,F,T,T,0.0,0.0,0.0,24.980959185614275,24.980959185614275,0.0,0.5,3.0,0.05,T,0.65,0.35,BINARY,T,T,T,F,F,DYNAMIC,50,4,1.0,50.0,50.0,4,0.05,150,1.0060759093346374,6.245239796403569,9.054683184011736,"filter_kh, filter_L70",121
DYNAMIC,32,1,FLAT,9.0,7630,3,450.0,1.0,0.1,25.0,0.2006122601863903,0.2006122601863903,WK_REG,3.0,70.21429106523661,0.45,9.0,0.0,0.0,3.0,F,F,T,T,0.0,0.0,0.0,56.171432852189284,56.171432852189284,0.0,0.5,3.0,0.05,T,0.65,0.35,BINARY,T,T,T,F,F,DYNAMIC,50,4,1.0,50.0,50.0,4,0.05,150,0.4474292349788046,14.042858213047321,4.026863114809242,"filter_kh, filter_L70",122
DYNAMIC,32,1,FLAT,9.0,7631,3,600.0,1.0,0.1,25.0,0.3498909382767603,0.3498909382767603,WK_REG,4.0,122.46182839686611,0.45,9.0,0.0,0.0,3.0,F,F,T,T,0.0,0.0,0.0,97.96946271749289,97.96946271749289,0.0,0.5,3.0,0.05,T,0.65,0.35,BINARY,T,T,T,F,F,DYNAMIC,50,4,1.0,50.0,50.0,4,0.05,150,0.25653648118079125,24.492365679373222,2.3088283306271213,filter_L70,123
DYNAMIC,32,1,FLAT,9.0,7630,3,750.0,1.0,0.1,25.0,0.5120244644960653,0.5120244644960653,WK_REG,5.0,179.20856257362286,0.45,9.0,0.0,0.0,3.0,F,F,T,T,0.0,0.0,0.0,143.36685005889828,143.36685005889828,0.0,0.5,3.0,0.05,T,0.65,0.35,BINARY,T,T,T,F,F,DYNAMIC,50,4,1.0,50.0,50.0,4,0.05,150,0.1753037136436579,35.84171251472457,1.5777334227929212,filter_L70,124
DYNAMIC,32,1,FLAT,10.0,7630,3,300.0,1.0,0.1,25.0,0.08921771348752877,0.08921771348752877,WK_REG,2.0,31.22619972063507,0.5,10.0,0.0,0.0,3.0,F,F,T,T,0.0,0.0,0.0,24.980959776508055,24.980959776508055,0.0,0.5,3.0,0.05,T,0.65,0.35,BINARY,T,T,T,F,F,DYNAMIC,50,4,1.0,50.0,50.0,4,0.05,150,1.0060758855371532,6.245239944127014,10.060758855371532,"filter_kh, filter_L70",136
DYNAMIC,32,1,FLAT,10.0,7631,3,450.0,1.0,0.1,25.0,0.20068752694185502,0.20068752694185502,WK_REG,3.0,70.24063442964926,0.5,10.0,0.0,0.0,3.0,F,F,T,T,0.0,0.0,0.0,56.19250754371941,56.19250754371941,0.0,0.5,3.0,0.05,T,0.65,0.35,BINARY,T,T,T,F,F,DYNAMIC,50,4,1.0,50.0,50.0,4,0.05,150,0.4472614291000333,14.048126885929852,4.472614291000333,"filter_kh, filter_L70",137
DYNAMIC,32,1,FLAT,10.0,7630,3,600.0,1.0,0.1,25.0,0.3525136092513624,0.3525136092513624,WK_REG,4.0,123.37976323797683,0.5,10.0,0.0,0.0,3.0,F,F,T,T,0.0,0.0,0.0,98.70381059038147,98.70381059038147,0.0,0.5,3.0,0.05,T,0.65,0.35,BINARY,T,T,T,F,F,DYNAMIC,50,4,1.0,50.0,50.0,4,0.05,150,0.2546278717953316,24.675952647595366,2.546278717953316,filter_L70,138
DYNAMIC,32,1,FLAT,10.0,7630,3,750.0,1.0,0.1,25.0,0.5227623944601767,0.5227623944601767,WK_REG,5.0,182.96683806106185,0.5,10.0,0.0,0.0,3.0,F,F,T,T,0.0,0.0,0.0,146.37347044884947,146.37347044884947,0.0,0.5,3.0,0.05,T,0.65,0.35,BINARY,T,T,T,F,F,DYNAMIC,50,4,1.0,50.0,50.0,4,0.05,150,0.17170284445432368,36.59336761221237,1.7170284445432369,filter_L70,139
DYNAMIC,32,1,FLAT,11.0,7630,3,300.0,1.0,0.1,25.0,0.08921771376968196,0.08921771376968196,WK_REG,2.0,31.226199819388686,0.55,11.0,0.0,0.0,3.0,F,F,T,T,0.0,0.0,0.0,24.98095985551095,24.98095985551095,0.0,0.5,3.0,0.05,T,0.65,0.35,BINARY,T,T,T,F,F,DYNAMIC,50,4,1.0,50.0,50.0,4,0.05,150,1.0060758823554137,6.245239963877737,11.06683470590955,"filter_kh, filter_L70",151
DYNAMIC,32,1,FLAT,11.0,7631,3,450.0,1.0,0.1,25.0,0.20071842970974665,0.20071842970974665,WK_REG,3.0,70.25145039841134,0.55,11.0,0.0,0.0,3.0,F,F,T,T,0.0,0.0,0.0,56.201160318729066,56.201160318729066,0.0,0.5,3.0,0.05,T,0.65,0.35,BINARY,T,T,T,F,F,DYNAMIC,50,4,1.0,50.0,50.0,4,0.05,150,0.4471925683773266,14.050290079682267,4.919118252150593,"filter_kh, filter_L70",152
DYNAMIC,32,1,FLAT,11.0,7631,3,600.0,1.0,0.1,25.0,0.3541763250382986,0.3541763250382986,WK_REG,4.0,123.9617137634045,0.55,11.0,0.0,0.0,3.0,F,F,T,T,0.0,0.0,0.0,99.16937101072361,99.16937101072361,0.0,0.5,3.0,0.05,T,0.65,0.35,BINARY,T,T,T,F,F,DYNAMIC,50,4,1.0,50.0,50.0,4,0.05,150,0.2534324960677691,24.792342752680902,2.7877574567454597,filter_L70,153
DYNAMIC,32,1,FLAT,11.0,7630,3,750.0,1.0,0.1,25.0,0.5311648031990629,0.5311648031990629,WK_REG,5.0,185.90768111967202,0.55,11.0,0.0,0.0,3.0,F,F,T,T,0.0,0.0,0.0,148.7261448957376,148.7261448957376,0.0,0.5,3.0,0.05,T,0.65,0.35,BINARY,T,T,T,F,F,DYNAMIC,50,4,1.0,50.0,50.0,4,0.05,150,0.16898670537273258,37.1815362239344,1.8588537591000585,filter_L70,154
DYNAMIC,32,1,FLAT,11.0,7630,3,900.0,1.0,0.1,25.0,0.7094531667038041,0.7094531667038041,WK_REG,6.0,248.30860834633143,0.55,11.0,0.0,0.0,3.0,F,F,T,T,0.0,0.0,0.0,198.64688667706514,198.64688667706514,0.0,0.5,3.0,0.05,T,0.65,0.35,BINARY,T,T,T,F,F,DYNAMIC,50,4,1.0,50.0,50.0,4,0.05,150,0.12651968349031295,49.661721669266285,1.3917165183934426,filter_L70,155
DYNAMIC,32,1,FLAT,12.0,7631,3,300.0,1.0,0.1,25.0,0.08921771380740602,0.08921771380740602,WK_REG,2.0,31.22619983259211,0.6000000000000001,12.0,0.0,0.0,3.0,F,F,T,T,0.0,0.0,0.0,24.980959866073686,24.980959866073686,0.0,0.5,3.0,0.05,T,0.65,0.35,BINARY,T,T,T,F,F,DYNAMIC,50,4,1.0,50.0,50.0,4,0.05,150,1.006075881930013,6.2452399665184215,12.072910583160157,"filter_kh, filter_L70",166
DYNAMIC,32,1,FLAT,12.0,7631,3,450.0,1.0,0.1,25.0,0.200731089509149,0.200731089509149,WK_REG,3.0,70.25588132820215,0.6000000000000001,12.0,0.0,0.0,3.0,F,F,T,T,0.0,0.0,0.0,56.20470506256172,56.20470506256172,0.0,0.5,3.0,0.05,T,0.65,0.35,BINARY,T,T,T,F,F,DYNAMIC,50,4,1.0,50.0,50.0,4,0.05,150,0.4471643646335831,14.05117626564043,5.365972375602997,"filter_kh, filter_L70",167
DYNAMIC,32,1,FLAT,12.0,7631,3,600.0,1.0,0.1,25.0,0.3552161463684437,0.3552161463684437,WK_REG,4.0,124.32565122895528,0.6000000000000001,12.0,0.0,0.0,3.0,F,F,T,T,0.0,0.0,0.0,99.46052098316423,99.46052098316423,0.0,0.5,3.0,0.05,T,0.65,0.35,BINARY,T,T,T,F,F,DYNAMIC,50,4,1.0,50.0,50.0,4,0.05,150,0.25269062518758156,24.865130245791057,3.0322875022509788,filter_L70,168
DYNAMIC,32,1,FLAT,12.0,7631,3,750.0,1.0,0.1,25.0,0.537680410054844,0.537680410054844,WK_REG,5.0,188.18814351919542,0.6000000000000001,12.0,0.0,0.0,3.0,F,F,T,T,0.0,0.0,0.0,150.55051481535634,150.55051481535634,0.0,0.5,3.0,0.05,T,0.65,0.35,BINARY,T,T,T,F,F,DYNAMIC,50,4,1.0,50.0,50.0,4,0.05,150,0.1669389258452059,37.637628703839084,2.003267110142471,filter_L70,169
DYNAMIC,32,1,FLAT,12.0,7631,3,900.0,1.0,0.1,25.0,0.7247641879412277,0.7247641879412277,WK_REG,6.0,253.66746577942968,0.6000000000000001,12.0,0.0,0.0,3.0,F,F,T,T,0.0,0.0,0.0,202.93397262354375,202.93397262354375,0.0,0.5,3.0,0.05,T,0.65,0.35,BINARY,T,T,T,F,F,DYNAMIC,50,4,1.0,50.0,50.0,4,0.05,150,0.12384688923101742,50.73349315588594,1.486162670772209,filter_L70,170
DYNAMIC,32,1,FLAT,13.0,7631,3,300.0,1.0,0.1,25.0,0.08921771381244976,0.08921771381244976,WK_REG,2.0,31.22619983435742,0.65,13.0,0.0,0.0,3.0,F,F,T,T,0.0,0.0,0.0,24.980959867485936,24.980959867485936,0.0,0.5,3.0,0.05,T,0.65,0.35,BINARY,T,T,T,F,F,DYNAMIC,50,4,1.0,50.0,50.0,4,0.05,150,1.0060758818731366,6.245239966871484,13.078986464350775,"filter_kh, filter_L70",181
DYNAMIC,32,1,FLAT,13.0,7631,3,450.0,1.0,0.1,25.0,0.20073627046500228,0.20073627046500228,WK_REG,3.0,70.25769466275081,0.65,13.0,0.0,0.0,3.0,F,F,T,T,0.0,0.0,0.0,56.20615573020064,56.20615573020064,0.0,0.5,3.0,0.05,T,0.65,0.35,BINARY,T,T,T,F,F,DYNAMIC,50,4,1.0,50.0,50.0,4,0.05,150,0.4471528234266704,14.05153893255016,5.812986704546715,"filter_kh, filter_L70",182
DYNAMIC,32,1,FLAT,13.0,7631,3,600.0,1.0,0.1,25.0,0.3558597643109517,0.3558597643109517,WK_REG,4.0,124.5509175088331,0.65,13.0,0.0,0.0,3.0,F,F,T,T,0.0,0.0,0.0,99.64073400706647,99.64073400706647,0.0,0.5,3.0,0.05,T,0.65,0.35,BINARY,T,T,T,F,F,DYNAMIC,50,4,1.0,50.0,50.0,4,0.05,150,0.2522336018413508,24.910183501766618,3.2790368239375605,"filter_kh, filter_L70",183
DYNAMIC,32,1,FLAT,13.0,7630,3,750.0,1.0,0.1,25.0,0.542686796889708,0.542686796889708,WK_REG,5.0,189.9403789113978,0.65,13.0,0.0,0.0,3.0,F,F,T,T,0.0,0.0,0.0,151.95230312911823,151.95230312911823,0.0,0.5,3.0,0.05,T,0.65,0.35,BINARY,T,T,T,F,F,DYNAMIC,50,4,1.0,50.0,50.0,4,0.05,150,0.16539888314402404,37.98807578227956,2.1501854808723126,filter_L70,184
DYNAMIC,32,1,FLAT,13.0,7630,3,900.0,1.0,0.1,25.0,0.7377966713819706,0.7377966713819706,WK_REG,6.0,258.2288349836897,0.65,13.0,0.0,0.0,3.0,F,F,T,T,0.0,0.0,0.0,206.58306798695176,206.58306798695176,0.0,0.5,3.0,0.05,T,0.65,0.35,BINARY,T,T,T,F,F,DYNAMIC,50,4,1.0,50.0,50.0,4,0.05,150,0.12165925055535425,51.64576699673794,1.581570257219605,filter_L70,185
DYNAMIC,32,1,FLAT,14.0,7631,3,300.0,1.0,0.1,25.0,0.08921771381314844,0.08921771381314844,WK_REG,2.0,31.226199834601953,0.7000000000000001,14.0,0.0,0.0,3.0,F,F,T,T,0.0,0.0,0.0,24.980959867681563,24.980959867681563,0.0,0.5,3.0,0.05,T,0.65,0.35,BINARY,T,T,T,F,F,DYNAMIC,50,4,1.0,50.0,50.0,4,0.05,150,1.006075881865258,6.245239966920391,14.085062346113611,"filter_kh, filter_L70",196
DYNAMIC,32,1,FLAT,14.0,7631,3,450.0,1.0,0.1,25.0,0.20073838975112052,0.20073838975112052,WK_REG,3.0,70.25843641289218,0.7000000000000001,14.0,0.0,0.0,3.0,F,F,T,T,0.0,0.0,0.0,56.206749130313746,56.206749130313746,0.0,0.5,3.0,0.05,T,0.65,0.35,BINARY,T,T,T,F,F,DYNAMIC,50,4,1.0,50.0,50.0,4,0.05,150,0.44714810263174626,14.051687282578436,6.260073436844448,"filter_kh, filter_L70",197
DYNAMIC,32,1,FLAT,14.0,7630,3,600.0,1.0,0.1,25.0,0.35625518496155956,0.35625518496155956,WK_REG,4.0,124.68931473654584,0.7000000000000001,14.0,0.0,0.0,3.0,F,F,T,T,0.0,0.0,0.0,99.75145178923667,99.75145178923667,0.0,0.5,3.0,0.05,T,0.65,0.35,BINARY,T,T,T,F,F,DYNAMIC,50,4,1.0,50.0,50.0,4,0.05,150,0.251953638547747,24.937862947309167,3.527350939668458,"filter_kh, filter_L70",198
DYNAMIC,32,1,FLAT,14.0,7630,3,750.0,1.0,0.1,25.0,0.5464996866558463,0.5464996866558463,WK_REG,5.0,191.27489032954617,0.7000000000000001,14.0,0.0,0.0,3.0,F,F,T,T,0.0,0.0,0.0,153.01991226363694,153.01991226363694,0.0,0.5,3.0,0.05,T,0.65,0.35,BINARY,T,T,T,F,F,DYNAMIC,50,4,1.0,50.0,50.0,4,0.05,150,0.16424490680283046,38.254978065909235,2.2994286952396266,filter_L70,199
DYNAMIC,32,1,FLAT,14.0,7631,3,900.0,1.0,0.1,25.0,0.748850414143157,0.748850414143157,WK_REG,6.0,262.09764495010495,0.7000000000000001,14.0,0.0,0.0,3.0,F,F,T,T,0.0,0.0,0.0,209.67811596008397,209.67811596008397,0.0,0.5,3.0,0.05,T,0.65,0.35,BINARY,T,T,T,F,F,DYNAMIC,50,4,1.0,50.0,50.0,4,0.05,150,0.11986344456425208,52.41952899002099,1.678088223899529,filter_L70,200
DYNAMIC,32,1,FLAT,15.0,7631,3,300.0,1.0,0.1,25.0,0.08921771381323715,0.08921771381323715,WK_REG,2.0,31.226199834633004,0.75,15.0,0.0,0.0,3.0,F,F,T,T,0.0,0.0,0.0,24.980959867706403,24.980959867706403,0.0,0.5,3.0,0.05,T,0.65,0.35,BINARY,T,T,T,F,F,DYNAMIC,50,4,1.0,50.0,50.0,4,0.05,150,1.0060758818642574,6.245239966926601,15.091138227963862,"filter_kh, filter_L70",211
DYNAMIC,32,1,FLAT,15.0,7630,3,450.0,1.0,0.1,25.0,0.2007392564688867,0.2007392564688867,WK_REG,3.0,70.25873976411035,0.75,15.0,0.0,0.0,3.0,F,F,T,T,0.0,0.0,0.0,56.206991811288276,56.206991811288276,0.0,0.5,3.0,0.05,T,0.65,0.35,BINARY,T,T,T,F,F,DYNAMIC,50,4,1.0,50.0,50.0,4,0.05,150,0.4471461720118392,14.051747952822069,6.707192580177588,"filter_kh, filter_L70",212
DYNAMIC,32,1,FLAT,15.0,7630,3,600.0,1.0,0.1,25.0,0.35649685104743883,0.35649685104743883,WK_REG,4.0,124.77389786660359,0.75,15.0,0.0,0.0,3.0,F,F,T,T,0.0,0.0,0.0,99.81911829328287,99.81911829328287,0.0,0.5,3.0,0.05,T,0.65,0.35,BINARY,T,T,T,F,F,DYNAMIC,50,4,1.0,50.0,50.0,4,0.05,150,0.2517828413879068,24.954779573320717,3.776742620818602,"filter_kh, filter_L70",213
DYNAMIC,32,1,FLAT,15.0,7630,3,750.0,1.0,0.1,25.0,0.5493798918268897,0.5493798918268897,WK_REG,5.0,192.28296213941138,0.75,15.0,0.0,0.0,3.0,F,F,T,T,0.0,0.0,0.0,153.8263697115291,153.8263697115291,0.0,0.5,3.0,0.05,T,0.65,0.35,BINARY,T,T,T,F,F,DYNAMIC,50,4,1.0,50.0,50.0,4,0.05,150,0.16338382863646736,38.45659242788228,2.4507574295470103,filter_L70,214
DYNAMIC,32,1,FLAT,15.0,7631,3,900.0,1.0,0.1,25.0,0.758188402757139,0.758188402757139,WK_REG,6.0,265.36594096499863,0.75,15.0,0.0,0.0,3.0,F,F,T,T,0.0,0.0,0.0,212.29275277199892,212.29275277199892,0.0,0.5,3.0,0.05,T,0.65,0.35,BINARY,T,T,T,F,F,DYNAMIC,50,4,1.0,50.0,50.0,4,0.05,150,0.11838718420930154,53.07318819299973,1.775807763139523,filter_L70,215
DYNAMIC,32,1,FLAT,15.0,7631,3,1050.0,1.0,0.1,25.0,0.9661038804026749,0.9661038804026749,WK_REG,7.0,338.13635814093624,0.75,15.0,0.0,0.0,3.0,F,F,T,T,0.0,0.0,0.0,270.509086512749,270.509086512749,0.0,0.5,3.0,0.05,T,0.65,0.35,BINARY,T,T,T,F,F,DYNAMIC,50,4,1.0,50.0,50.0,4,0.05,150,0.0929090462457861,67.62727162818724,1.3936356936867915,filter_L70,216
DYNAMIC,32,1,FLAT,16.0,7631,3,300.0,1.0,0.1,25.0,0.08921771381323715,0.08921771381323715,WK_REG,2.0,31.226199834633004,0.8,16.0,0.0,0.0,3.0,F,F,T,T,0.0,0.0,0.0,24.980959867706403,24.980959867706403,0.0,0.5,3.0,0.05,T,0.65,0.35,BINARY,T,T,T,F,F,DYNAMIC,50,4,1.0,50.0,50.0,4,0.05,150,1.0060758818642574,6.245239966926601,16.09721410982812,"filter_kh, filter_L70",226
DYNAMIC,32,1,FLAT,16.0,7630,3,450.0,1.0,0.1,25.0,0.20073961089435138,0.20073961089435138,WK_REG,3.0,70.25886381302298,0.8,16.0,0.0,0.0,3.0,F,F,T,T,0.0,0.0,0.0,56.207091050418384,56.207091050418384,0.0,0.5,3.0,0.05,T,0.65,0.35,BINARY,T,T,T,F,F,DYNAMIC,50,4,1.0,50.0,50.0,4,0.05,150,0.44714538253143177,14.051772762604596,7.154326120502908,"filter_kh, filter_L70",227
DYNAMIC,32,1,FLAT,16.0,7631,3,600.0,1.0,0.1,25.0,0.3566440181091383,0.3566440181091383,WK_REG,4.0,124.8254063381984,0.8,16.0,0.0,0.0,3.0,F,F,T,T,0.0,0.0,0.0,99.86032507055873,99.86032507055873,0.0,0.5,3.0,0.05,T,0.65,0.35,BINARY,T,T,T,F,F,DYNAMIC,50,4,1.0,50.0,50.0,4,0.05,150,0.2516789446755776,24.965081267639682,4.026863114809242,"filter_kh, filter_L70",228
DYNAMIC,32,1,FLAT,16.0,7631,3,750.0,1.0,0.1,25.0,0.5515396106627315,0.5515396106627315,WK_REG,5.0,193.03886373195604,0.8,16.0,0.0,0.0,3.0,F,F,T,T,0.0,0.0,0.0,154.43109098556482,154.43109098556482,0.0,0.5,3.0,0.05,T,0.65,0.35,BINARY,T,T,T,F,F,DYNAMIC,50,4,1.0,50.0,50.0,4,0.05,150,0.1627440502318771,38.607772746391205,2.6039048037100336,filter_L70,229
DYNAMIC,32,1,FLAT,16.0,7631,3,900.0,1.0,0.1,25.0,0.7660432151572388,0.7660432151572388,WK_REG,6.0,268.1151253050336,0.8,16.0,0.0,0.0,3.0,F,F,T,T,0.0,0.0,0.0,214.4921002440269,214.4921002440269,0.0,0.5,3.0,0.05,T,0.65,0.35,BINARY,T,T,T,F,F,DYNAMIC,50,4,1.0,50.0,50.0,4,0.05,150,0.11717327211643187,53.62302506100672,1.87477235386291,filter_L70,230
DYNAMIC,32,1,FLAT,16.0,7630,3,1050.0,1.0,0.1,25.0,0.9816845677230915,0.9816845677230915,WK_REG,7.0,343.58959870308206,0.8,16.0,0.0,0.0,3.0,F,F,T,T,0.0,0.0,0.0,274.87167896246564,274.87167896246564,0.0,0.5,3.0,0.05,T,0.65,0.35,BINARY,T,T,T,F,F,DYNAMIC,50,4,1.0,50.0,50.0,4,0.05,150,0.09143445160878244,68.71791974061641,1.462951225740519,filter_L70,231
DYNAMIC,32,1,FLAT,17.0,7631,3,300.0,1.0,0.1,25.0,0.08921771381323715,0.08921771381323715,WK_REG,2.0,31.226199834633004,0.8500000000000001,17.0,0.0,0.0,3.0,F,F,T,T,0.0,0.0,0.0,24.980959867706403,24.980959867706403,0.0,0.5,3.0,0.05,T,0.65,0.35,BINARY,T,T,T,F,F,DYNAMIC,50,4,1.0,50.0,50.0,4,0.05,150,1.0060758818642574,6.245239966926601,17.103289991692378,"filter_kh, filter_L70",241
DYNAMIC,32,1,FLAT,17.0,7630,3,450.0,1.0,0.1,25.0,0.20073975582292478,0.20073975582292478,WK_REG,3.0,70.25891453802367,0.8500000000000001,17.0,0.0,0.0,3.0,F,F,T,T,0.0,0.0,0.0,56.207131630418935,56.207131630418935,0.0,0.5,3.0,0.05,T,0.65,0.35,BINARY,T,T,T,F,F,DYNAMIC,50,4,1.0,50.0,50.0,4,0.05,150,0.4471450597047843,14.051782907604734,7.601466014981333,"filter_kh, filter_L70",242
DYNAMIC,32,1,FLAT,17.0,7630,3,600.0,1.0,0.1,25.0,0.3567334211878009,0.3567334211878009,WK_REG,4.0,124.85669741573031,0.8500000000000001,17.0,0.0,0.0,3.0,F,F,T,T,0.0,0.0,0.0,99.88535793258424,99.88535793258424,0.0,0.5,3.0,0.05,T,0.65,0.35,BINARY,T,T,T,F,F,DYNAMIC,50,4,1.0,50.0,50.0,4,0.05,150,0.25161586992240864,24.97133948314606,4.277469788680947,"filter_kh, filter_L70",243
DYNAMIC,32,1,FLAT,17.0,7631,3,750.0,1.0,0.1,25.0,0.5531487083762064,0.5531487083762064,WK_REG,5.0,193.60204793167227,0.8500000000000001,17.0,0.0,0.0,3.0,F,F,T,T,0.0,0.0,0.0,154.88163834533782,154.88163834533782,0.0,0.5,3.0,0.05,T,0.65,0.35,BINARY,T,T,T,F,F,DYNAMIC,50,4,1.0,50.0,50.0,4,0.05,150,0.16227063128477603,38.720409586334455,2.7586007318411925,filter_L70,244
DYNAMIC,32,1,FLAT,17.0,7630,3,900.0,1.0,0.1,25.0,0.7726212592132884,0.7726212592132884,WK_REG,6.0,270.41744072465093,0.8500000000000001,17.0,0.0,0.0,3.0,F,F,T,T,0.0,0.0,0.0,216.33395257972074,216.33395257972074,0.0,0.5,3.0,0.05,T,0.65,0.35,BINARY,T,T,T,F,F,DYNAMIC,50,4,1.0,50.0,50.0,4,0.05,150,0.11617566696774854,54.083488144930186,1.9749863384517252,filter_L70,245
DYNAMIC,32,1,FLAT,17.0,7631,3,1050.0,1.0,0.1,25.0,0.9955337953473746,0.9955337953473746,WK_REG,7.0,348.4368283715811,0.8500000000000001,17.0,0.0,0.0,3.0,F,F,T,T,0.0,0.0,0.0,278.7494626972649,278.7494626972649,0.0,0.5,3.0,0.05,T,0.65,0.35,BINARY,T,T,T,F,F,DYNAMIC,50,4,1.0,50.0,50.0,4,0.05,150,0.09016247416416975,69.68736567431623,1.5327620607908858,filter_L70,246
DYNAMIC,32,1,FLAT,18.0,7631,3,300.0,1.0,0.1,25.0,0.08921771381323715,0.08921771381323715,WK_REG,2.0,31.226199834633004,0.9,18.0,0.0,0.0,3.0,F,F,T,T,0.0,0.0,0.0,24.980959867706403,24.980959867706403,0.0,0.5,3.0,0.05,T,0.65,0.35,BINARY,T,T,T,F,F,DYNAMIC,50,4,1.0,50.0,50.0,4,0.05,150,1.0060758818642574,6.245239966926601,18.109365873556634,"filter_kh, filter_L70",256
DYNAMIC,32,1,FLAT,18.0,7631,3,450.0,1.0,0.1,25.0,0.20073981508463104,0.20073981508463104,WK_REG,3.0,70.25893527962086,0.9,18.0,0.0,0.0,3.0,F,F,T,T,0.0,0.0,0.0,56.20714822369669,56.20714822369669,0.0,0.5,3.0,0.05,T,0.65,0.35,BINARY,T,T,T,F,F,DYNAMIC,50,4,1.0,50.0,50.0,4,0.05,150,0.4471449277001833,14.051787055924173,8.0486086986033,"filter_kh, filter_L70",257
DYNAMIC,32,1,FLAT,18.0,7630,3,600.0,1.0,0.1,25.0,0.3567876454490603,0.3567876454490603,WK_REG,4.0,124.87567590717109,0.9,18.0,0.0,0.0,3.0,F,F,T,T,0.0,0.0,0.0,99.90054072573687,99.90054072573687,0.0,0.5,3.0,0.05,T,0.65,0.35,BINARY,T,T,T,F,F,DYNAMIC,50,4,1.0,50.0,50.0,4,0.05,150,0.2515776295717639,24.97513518143422,4.52839733229175,"filter_kh, filter_L70",258
DYNAMIC,32,1,FLAT,18.0,7631,3,750.0,1.0,0.1,25.0,0.5543410245943744,0.5543410245943744,WK_REG,5.0,194.01935860803104,0.9,18.0,0.0,0.0,3.0,F,F,T,T,0.0,0.0,0.0,155.21548688642483,155.21548688642483,0.0,0.5,3.0,0.05,T,0.65,0.35,BINARY,T,T,T,F,F,DYNAMIC,50,4,1.0,50.0,50.0,4,0.05,150,0.16192160803585676,38.80387172160621,2.9145889446454216,filter_L70,259
DYNAMIC,32,1,FLAT,18.0,7630,3,900.0,1.0,0.1,25.0,0.7781056715464952,0.7781056715464952,WK_REG,6.0,272.33698504127335,0.9,18.0,0.0,0.0,3.0,F,F,T,T,0.0,0.0,0.0,217.86958803301866,217.86958803301866,0.0,0.5,3.0,0.05,T,0.65,0.35,BINARY,T,T,T,F,F,DYNAMIC,50,4,1.0,50.0,50.0,4,0.05,150,0.11535681255756274,54.467397008254665,2.076422626036129,filter_L70,260
DYNAMIC,32,1,FLAT,18.0,7631,3,1050.0,1.0,0.1,25.0,1.0078217874017799,1.0078217874017799,WK_REG,7.0,352.737625590623,0.9,18.0,0.0,0.0,3.0,F,F,T,T,0.0,0.0,0.0,282.1901004724984,282.1901004724984,0.0,0.5,3.0,0.05,T,0.65,0.35,BINARY,T,T,T,F,F,DYNAMIC,50,4,1.0,50.0,50.0,4,0.05,150,0.08906315702300026,70.5475251181246,1.6031368264140047,filter_L70,261
DYNAMIC,32,1,FLAT,19.0,7631,3,300.0,1.0,0.1,25.0,0.08921771381323715,0.08921771381323715,WK_REG,2.0,31.226199834633004,0.9500000000000001,19.0,0.0,0.0,3.0,F,F,T,T,0.0,0.0,0.0,24.980959867706403,24.980959867706403,0.0,0.5,3.0,0.05,T,0.65,0.35,BINARY,T,T,T,F,F,DYNAMIC,50,4,1.0,50.0,50.0,4,0.05,150,1.0060758818642574,6.245239966926601,19.115441755420893,"filter_kh, filter_L70",271
DYNAMIC,32,1,FLAT,19.0,7631,3,450.0,1.0,0.1,25.0,0.20073983931693684,0.20073983931693684,WK_REG,3.0,70.2589437609279,0.9500000000000001,19.0,0.0,0.0,3.0,F,F,T,T,0.0,0.0,0.0,56.20715500874232,56.20715500874232,0.0,0.5,3.0,0.05,T,0.65,0.35,BINARY,T,T,T,F,F,DYNAMIC,50,4,1.0,50.0,50.0,4,0.05,150,0.44714487372309203,14.05178875218558,8.495752600738749,"filter_kh, filter_L70",272
DYNAMIC,32,1,FLAT,19.0,7630,3,600.0,1.0,0.1,25.0,0.35682049832811474,0.35682049832811474,WK_REG,4.0,124.88717441484016,0.9500000000000001,19.0,0.0,0.0,3.0,F,F,T,T,0.0,0.0,0.0,99.90973953187213,99.90973953187213,0.0,0.5,3.0,0.05,T,0.65,0.35,BINARY,T,T,T,F,F,DYNAMIC,50,4,1.0,50.0,50.0,4,0.05,150,0.2515544665262666,24.977434882968033,4.779534863999066,"filter_kh, filter_L70",273
DYNAMIC,32,1,FLAT,19.0,7630,3,750.0,1.0,0.1,25.0,0.5552204854762507,0.5552204854762507,WK_REG,5.0,194.32716991668772,0.9500000000000001,19.0,0.0,0.0,3.0,F,F,T,T,0.0,0.0,0.0,155.46173593335018,155.46173593335018,0.0,0.5,3.0,0.05,T,0.65,0.35,BINARY,T,T,T,F,F,DYNAMIC,50,4,1.0,50.0,50.0,4,0.05,150,0.16166512664887067,38.865433983337546,3.0716374063285428,filter_L70,274
DYNAMIC,32,1,FLAT,19.0,7631,3,900.0,1.0,0.1,25.0,0.7826584293688263,0.7826584293688263,WK_REG,6.0,273.9304502790892,0.9500000000000001,19.0,0.0,0.0,3.0,F,F,T,T,0.0,0.0,0.0,219.14436022327138,219.14436022327138,0.0,0.5,3.0,0.05,T,0.65,0.35,BINARY,T,T,T,F,F,DYNAMIC,50,4,1.0,50.0,50.0,4,0.05,150,0.11468577700613557,54.786090055817844,2.1790297631165756,filter_L70,275
DYNAMIC,32,1,FLAT,19.0,7630,3,1050.0,1.0,0.1,25.0,1.0187025208287586,1.0187025208287586,WK_REG,7.0,356.5458822900655,0.9500000000000001,19.0,0.0,0.0,3.0,F,F,T,T,0.0,0.0,0.0,285.2367058320524,285.2367058320524,0.0,0.5,3.0,0.05,T,0.65,0.35,BINARY,T,T,T,F,F,DYNAMIC,50,4,1.0,50.0,50.0,4,0.05,150,0.08811187590813269,71.3091764580131,1.674125642254521,filter_L70,276
DYNAMIC,32,1,FLAT,19.0,7630,3,1200.0,1.0,0.1,25.0,1.2518185529816002,1.2518185529816002,WK_REG,8.0,438.13649354356005,0.9500000000000001,19.0,0.0,0.0,3.0,F,F,T,T,0.0,0.0,0.0,350.509194834848,350.509194834848,0.0,0.5,3.0,0.05,T,0.65,0.35,BINARY,T,T,T,F,F,DYNAMIC,50,4,1.0,50.0,50.0,4,0.05,150,0.07170351476959205,87.627298708712,1.362366780622249,filter_L70,277
DYNAMIC,32,1,FLAT,20.0,7631,3,300.0,1.0,0.1,25.0,0.08921771381323715,0.08921771381323715,WK_REG,2.0,31.226199834633004,1.0,20.0,0.0,0.0,3.0,F,F,T,T,0.0,0.0,0.0,24.980959867706403,24.980959867706403,0.0,0.5,3.0,0.05,T,0.65,0.35,BINARY,T,T,T,F,F,DYNAMIC,50,4,1.0,50.0,50.0,4,0.05,150,1.0060758818642574,6.245239966926601,20.121517637285148,"filter_kh, filter_L70",286
DYNAMIC,32,1,FLAT,20.0,7630,3,450.0,1.0,0.1,25.0,0.20073984922547788,0.20073984922547788,WK_REG,3.0,70.25894722891726,1.0,20.0,0.0,0.0,3.0,F,F,T,T,0.0,0.0,0.0,56.20715778313381,56.20715778313381,0.0,0.5,3.0,0.05,T,0.65,0.35,BINARY,T,T,T,F,F,DYNAMIC,50,4,1.0,50.0,50.0,4,0.05,150,0.4471448516519719,14.051789445783452,8.942897033039438,"filter_kh, filter_L70",287
DYNAMIC,32,1,FLAT,20.0,7631,3,600.0,1.0,0.1,25.0,0.3568403891112064,0.3568403891112064,WK_REG,4.0,124.89413618892226,1.0,20.0,0.0,0.0,3.0,F,F,T,T,0.0,0.0,0.0,99.9153089511378,99.9153089511378,0.0,0.5,3.0,0.05,T,0.65,0.35,BINARY,T,T,T,F,F,DYNAMIC,50,4,1.0,50.0,50.0,4,0.05,150,0.2515404445279668,24.97882723778445,5.030808890559336,"filter_kh, filter_L70",288
DYNAMIC,32,1,FLAT,20.0,7631,3,750.0,1.0,0.1,25.0,0.5558667546734519,0.5558667546734519,WK_REG,5.0,194.55336413570816,1.0,20.0,0.0,0.0,3.0,F,F,T,T,0.0,0.0,0.0,155.64269130856653,155.64269130856653,0.0,0.5,3.0,0.05,T,0.65,0.35,BINARY,T,T,T,F,F,DYNAMIC,50,4,1.0,50.0,50.0,4,0.05,150,0.16147716938980383,38.91067282714163,3.2295433877960766,"filter_kh, filter_L70",289
DYNAMIC,32,1,FLAT,20.0,7630,3,900.0,1.0,0.1,25.0,0.7864220424417807,0.7864220424417807,WK_REG,6.0,275.24771485462327,1.0,20.0,0.0,0.0,3.0,F,F,T,T,0.0,0.0,0.0,220.1981718836986,220.1981718836986,0.0,0.5,3.0,0.05,T,0.65,0.35,BINARY,T,T,T,F,F,DYNAMIC,50,4,1.0,50.0,50.0,4,0.05,150,0.11413692045541882,55.04954297092465,2.282738409108376,filter_L70,290
DYNAMIC,32,1,FLAT,20.0,7631,3,1050.0,1.0,0.1,25.0,1.0283161327103243,1.0283161327103243,WK_REG,7.0,359.91064644861353,1.0,20.0,0.0,0.0,3.0,F,F,T,T,0.0,0.0,0.0,287.9285171588908,287.9285171588908,0.0,0.5,3.0,0.05,T,0.65,0.35,BINARY,T,T,T,F,F,DYNAMIC,50,4,1.0,50.0,50.0,4,0.05,150,0.08728812788921864,71.9821292897227,1.7457625577843727,filter_L70,291
DYNAMIC,32,1,FLAT,20.0,7631,3,1200.0,1.0,0.1,25.0,1.2684667806196497,1.2684667806196497,WK_REG,8.0,443.96337321687736,1.0,20.0,0.0,0.0,3.0,F,F,T,T,0.0,0.0,0.0,355.1706985735019,355.1706985735019,0.0,0.5,3.0,0.05,T,0.65,0.35,BINARY,T,T,T,F,F,DYNAMIC,50,4,1.0,50.0,50.0,4,0.05,150,0.07076242868474458,88.79267464337548,1.4152485736948917,filter_L70,292
