TITLE,PX,PY,DEPTH_TYPE,DEPTH_FLAT,Mglob,Nglob,TOTAL_TIME,PLOT_INTV,PLOT_INTV_STATION,SCREEN_INTV,DX,DY,WAVEMAKER,Tperiod,Xc_WK,AMP_WK,DEP_WK,Yc_WK,Theta_WK,Delta_WK,PERIODIC,DIFFUSION_SPONGE,FRICTION_SPONGE,DIRECT_SPONGE,Csp,Sponge_south_width,Sponge_north_width,Sponge_west_width,Sponge_east_width,Cd,Cd_regional,FRICTION_MATRIX,CFL,FroudeCap,MinDepth,VISCOSITY_BREAKING,Cbrk1,Cbrk2,FIELD_IO_TYPE,DEPTH_OUT,ETA,MASK,U,V,STATIONS_FILE,NumberStations,PI_1,PI_2,PI_3,PI_4,PI_5,PI_6,PI_7,EPSILON,TAU_1,k,L,kh,failed_checks,COMBO_NUM
DYNAMIC,32,1,FLAT,5.0,7630,3,400.0,1.0,0.1,25.0,0.08921009727780353,0.08921009727780353,WK_REG,2.0,31.223534047231233,0.25,5.0,0.0,0.0,3.0,F,F,T,T,0.0,0.0,0.0,24.978827237784987,24.978827237784987,0.0,0.0,T,0.5,3.0,0.05,T,0.65,0.35,BINARY,T,T,T,F,F,DYNAMIC,50,4,1.0,50.0,50.0,4,0.028,25.0,0.05,2,1.0061617781118457,6.244706809446247,5.0308088905592285,filter_kh,251
DYNAMIC,32,1,FLAT,5.0,7630,3,400.0,1.0,0.1,25.0,0.08921009727780353,0.08921009727780353,WK_REG,2.0,31.223534047231233,0.25,5.0,0.0,0.0,3.0,F,F,T,T,0.0,0.0,0.0,24.978827237784987,24.978827237784987,0.0,0.0,T,0.5,3.0,0.05,T,0.65,0.35,BINARY,T,T,T,F,F,DYNAMIC,50,4,1.0,50.0,50.0,4,0.442,25.0,0.05,2,1.0061617781118457,6.244706809446247,5.0308088905592285,filter_kh,252
DYNAMIC,32,1,FLAT,5.0,7630,3,400.0,1.0,0.1,25.0,0.08921009727780353,0.08921009727780353,WK_REG,2.0,31.223534047231233,0.25,5.0,0.0,0.0,3.0,F,F,T,T,0.0,0.0,0.0,24.978827237784987,24.978827237784987,0.0,0.0,T,0.5,3.0,0.05,T,0.65,0.35,BINARY,T,T,T,F,F,DYNAMIC,50,4,1.0,50.0,50.0,4,0.966,25.0,0.05,2,1.0061617781118457,6.244706809446247,5.0308088905592285,filter_kh,253
DYNAMIC,32,1,FLAT,5.0,7630,3,400.0,1.0,0.1,25.0,0.08921009727780353,0.08921009727780353,WK_REG,2.0,31.223534047231233,0.25,5.0,0.0,0.0,3.0,F,F,T,T,0.0,0.0,0.0,24.978827237784987,24.978827237784987,0.0,0.0,T,0.5,3.0,0.05,T,0.65,0.35,BINARY,T,T,T,F,F,DYNAMIC,50,4,1.0,50.0,50.0,4,1.333,25.0,0.05,2,1.0061617781118457,6.244706809446247,5.0308088905592285,filter_kh,254
DYNAMIC,32,1,FLAT,5.0,7630,3,400.0,1.0,0.1,25.0,0.08921009727780353,0.08921009727780353,WK_REG,2.0,31.223534047231233,0.25,5.0,0.0,0.0,3.0,F,F,T,T,0.0,0.0,0.0,24.978827237784987,24.978827237784987,0.0,0.0,T,0.5,3.0,0.05,T,0.65,0.35,BINARY,T,T,T,F,F,DYNAMIC,50,4,1.0,50.0,50.0,4,4.375,25.0,0.05,2,1.0061617781118457,6.244706809446247,5.0308088905592285,filter_kh,255
DYNAMIC,32,1,FLAT,5.0,7630,3,400.0,1.0,0.1,25.0,0.08921009727780353,0.08921009727780353,WK_REG,2.0,31.223534047231233,0.25,5.0,0.0,0.0,3.0,F,F,T,T,0.0,0.0,0.0,24.978827237784987,24.978827237784987,0.0,1.0,T,0.5,3.0,0.05,T,0.65,0.35,BINARY,T,T,T,F,F,DYNAMIC,50,4,1.0,50.0,50.0,4,0.028,25.0,0.05,2,1.0061617781118457,6.244706809446247,5.0308088905592285,filter_kh,256
DYNAMIC,32,1,FLAT,5.0,7630,3,400.0,1.0,0.1,25.0,0.08921009727780353,0.08921009727780353,WK_REG,2.0,31.223534047231233,0.25,5.0,0.0,0.0,3.0,F,F,T,T,0.0,0.0,0.0,24.978827237784987,24.978827237784987,0.0,1.0,T,0.5,3.0,0.05,T,0.65,0.35,BINARY,T,T,T,F,F,DYNAMIC,50,4,1.0,50.0,50.0,4,0.442,25.0,0.05,2,1.0061617781118457,6.244706809446247,5.0308088905592285,filter_kh,257
DYNAMIC,32,1,FLAT,5.0,7630,3,400.0,1.0,0.1,25.0,0.08921009727780353,0.08921009727780353,WK_REG,2.0,31.223534047231233,0.25,5.0,0.0,0.0,3.0,F,F,T,T,0.0,0.0,0.0,24.978827237784987,24.978827237784987,0.0,1.0,T,0.5,3.0,0.05,T,0.65,0.35,BINARY,T,T,T,F,F,DYNAMIC,50,4,1.0,50.0,50.0,4,0.966,25.0,0.05,2,1.0061617781118457,6.244706809446247,5.0308088905592285,filter_kh,258
DYNAMIC,32,1,FLAT,5.0,7630,3,400.0,1.0,0.1,25.0,0.08921009727780353,0.08921009727780353,WK_REG,2.0,31.223534047231233,0.25,5.0,0.0,0.0,3.0,F,F,T,T,0.0,0.0,0.0,24.978827237784987,24.978827237784987,0.0,1.0,T,0.5,3.0,0.05,T,0.65,0.35,BINARY,T,T,T,F,F,DYNAMIC,50,4,1.0,50.0,50.0,4,1.333,25.0,0.05,2,1.0061617781118457,6.244706809446247,5.0308088905592285,filter_kh,259
DYNAMIC,32,1,FLAT,5.0,7630,3,400.0,1.0,0.1,25.0,0.08921009727780353,0.08921009727780353,WK_REG,2.0,31.223534047231233,0.25,5.0,0.0,0.0,3.0,F,F,T,T,0.0,0.0,0.0,24.978827237784987,24.978827237784987,0.0,1.0,T,0.5,3.0,0.05,T,0.65,0.35,BINARY,T,T,T,F,F,DYNAMIC,50,4,1.0,50.0,50.0,4,4.375,25.0,0.05,2,1.0061617781118457,6.244706809446247,5.0308088905592285,filter_kh,260
DYNAMIC,32,1,FLAT,5.0,7630,3,400.0,1.0,0.1,25.0,0.08921009727780353,0.08921009727780353,WK_REG,2.0,31.223534047231233,0.25,5.0,0.0,0.0,3.0,F,F,T,T,0.0,0.0,0.0,24.978827237784987,24.978827237784987,0.0,2.0,T,0.5,3.0,0.05,T,0.65,0.35,BINARY,T,T,T,F,F,DYNAMIC,50,4,1.0,50.0,50.0,4,0.028,25.0,0.05,2,1.0061617781118457,6.244706809446247,5.0308088905592285,filter_kh,261
DYNAMIC,32,1,FLAT,5.0,7630,3,400.0,1.0,0.1,25.0,0.08921009727780353,0.08921009727780353,WK_REG,2.0,31.223534047231233,0.25,5.0,0.0,0.0,3.0,F,F,T,T,0.0,0.0,0.0,24.978827237784987,24.978827237784987,0.0,2.0,T,0.5,3.0,0.05,T,0.65,0.35,BINARY,T,T,T,F,F,DYNAMIC,50,4,1.0,50.0,50.0,4,0.442,25.0,0.05,2,1.0061617781118457,6.244706809446247,5.0308088905592285,filter_kh,262
DYNAMIC,32,1,FLAT,5.0,7630,3,400.0,1.0,0.1,25.0,0.08921009727780353,0.08921009727780353,WK_REG,2.0,31.223534047231233,0.25,5.0,0.0,0.0,3.0,F,F,T,T,0.0,0.0,0.0,24.978827237784987,24.978827237784987,0.0,2.0,T,0.5,3.0,0.05,T,0.65,0.35,BINARY,T,T,T,F,F,DYNAMIC,50,4,1.0,50.0,50.0,4,0.966,25.0,0.05,2,1.0061617781118457,6.244706809446247,5.0308088905592285,filter_kh,263
DYNAMIC,32,1,FLAT,5.0,7630,3,400.0,1.0,0.1,25.0,0.08921009727780353,0.08921009727780353,WK_REG,2.0,31.223534047231233,0.25,5.0,0.0,0.0,3.0,F,F,T,T,0.0,0.0,0.0,24.978827237784987,24.978827237784987,0.0,2.0,T,0.5,3.0,0.05,T,0.65,0.35,BINARY,T,T,T,F,F,DYNAMIC,50,4,1.0,50.0,50.0,4,1.333,25.0,0.05,2,1.0061617781118457,6.244706809446247,5.0308088905592285,filter_kh,264
DYNAMIC,32,1,FLAT,5.0,7630,3,400.0,1.0,0.1,25.0,0.08921009727780353,0.08921009727780353,WK_REG,2.0,31.223534047231233,0.25,5.0,0.0,0.0,3.0,F,F,T,T,0.0,0.0,0.0,24.978827237784987,24.978827237784987,0.0,2.0,T,0.5,3.0,0.05,T,0.65,0.35,BINARY,T,T,T,F,F,DYNAMIC,50,4,1.0,50.0,50.0,4,4.375,25.0,0.05,2,1.0061617781118457,6.244706809446247,5.0308088905592285,filter_kh,265
DYNAMIC,32,1,FLAT,5.0,7630,3,400.0,1.0,0.1,25.0,0.08921009727780353,0.08921009727780353,WK_REG,2.0,31.223534047231233,0.25,5.0,0.0,0.0,3.0,F,F,T,T,0.0,0.0,0.0,24.978827237784987,24.978827237784987,0.0,5.0,T,0.5,3.0,0.05,T,0.65,0.35,BINARY,T,T,T,F,F,DYNAMIC,50,4,1.0,50.0,50.0,4,0.028,25.0,0.05,2,1.0061617781118457,6.244706809446247,5.0308088905592285,filter_kh,266
DYNAMIC,32,1,FLAT,5.0,7630,3,400.0,1.0,0.1,25.0,0.08921009727780353,0.08921009727780353,WK_REG,2.0,31.223534047231233,0.25,5.0,0.0,0.0,3.0,F,F,T,T,0.0,0.0,0.0,24.978827237784987,24.978827237784987,0.0,5.0,T,0.5,3.0,0.05,T,0.65,0.35,BINARY,T,T,T,F,F,DYNAMIC,50,4,1.0,50.0,50.0,4,0.442,25.0,0.05,2,1.0061617781118457,6.244706809446247,5.0308088905592285,filter_kh,267
DYNAMIC,32,1,FLAT,5.0,7630,3,400.0,1.0,0.1,25.0,0.08921009727780353,0.08921009727780353,WK_REG,2.0,31.223534047231233,0.25,5.0,0.0,0.0,3.0,F,F,T,T,0.0,0.0,0.0,24.978827237784987,24.978827237784987,0.0,5.0,T,0.5,3.0,0.05,T,0.65,0.35,BINARY,T,T,T,F,F,DYNAMIC,50,4,1.0,50.0,50.0,4,0.966,25.0,0.05,2,1.0061617781118457,6.244706809446247,5.0308088905592285,filter_kh,268
DYNAMIC,32,1,FLAT,5.0,7630,3,400.0,1.0,0.1,25.0,0.08921009727780353,0.08921009727780353,WK_REG,2.0,31.223534047231233,0.25,5.0,0.0,0.0,3.0,F,F,T,T,0.0,0.0,0.0,24.978827237784987,24.978827237784987,0.0,5.0,T,0.5,3.0,0.05,T,0.65,0.35,BINARY,T,T,T,F,F,DYNAMIC,50,4,1.0,50.0,50.0,4,1.333,25.0,0.05,2,1.0061617781118457,6.244706809446247,5.0308088905592285,filter_kh,269
DYNAMIC,32,1,FLAT,5.0,7630,3,400.0,1.0,0.1,25.0,0.08921009727780353,0.08921009727780353,WK_REG,2.0,31.223534047231233,0.25,5.0,0.0,0.0,3.0,F,F,T,T,0.0,0.0,0.0,24.978827237784987,24.978827237784987,0.0,5.0,T,0.5,3.0,0.05,T,0.65,0.35,BINARY,T,T,T,F,F,DYNAMIC,50,4,1.0,50.0,50.0,4,4.375,25.0,0.05,2,1.0061617781118457,6.244706809446247,5.0308088905592285,filter_kh,270
DYNAMIC,32,1,FLAT,5.0,7630,3,400.0,1.0,0.1,25.0,0.08921009727780353,0.08921009727780353,WK_REG,2.0,31.223534047231233,0.25,5.0,0.0,0.0,3.0,F,F,T,T,0.0,0.0,0.0,24.978827237784987,24.978827237784987,0.0,10.0,T,0.5,3.0,0.05,T,0.65,0.35,BINARY,T,T,T,F,F,DYNAMIC,50,4,1.0,50.0,50.0,4,0.028,25.0,0.05,2,1.0061617781118457,6.244706809446247,5.0308088905592285,filter_kh,271
DYNAMIC,32,1,FLAT,5.0,7630,3,400.0,1.0,0.1,25.0,0.08921009727780353,0.08921009727780353,WK_REG,2.0,31.223534047231233,0.25,5.0,0.0,0.0,3.0,F,F,T,T,0.0,0.0,0.0,24.978827237784987,24.978827237784987,0.0,10.0,T,0.5,3.0,0.05,T,0.65,0.35,BINARY,T,T,T,F,F,DYNAMIC,50,4,1.0,50.0,50.0,4,0.442,25.0,0.05,2,1.0061617781118457,6.244706809446247,5.0308088905592285,filter_kh,272
DYNAMIC,32,1,FLAT,5.0,7630,3,400.0,1.0,0.1,25.0,0.08921009727780353,0.08921009727780353,WK_REG,2.0,31.223534047231233,0.25,5.0,0.0,0.0,3.0,F,F,T,T,0.0,0.0,0.0,24.978827237784987,24.978827237784987,0.0,10.0,T,0.5,3.0,0.05,T,0.65,0.35,BINARY,T,T,T,F,F,DYNAMIC,50,4,1.0,50.0,50.0,4,0.966,25.0,0.05,2,1.0061617781118457,6.244706809446247,5.0308088905592285,filter_kh,273
DYNAMIC,32,1,FLAT,5.0,7630,3,400.0,1.0,0.1,25.0,0.08921009727780353,0.08921009727780353,WK_REG,2.0,31.223534047231233,0.25,5.0,0.0,0.0,3.0,F,F,T,T,0.0,0.0,0.0,24.978827237784987,24.978827237784987,0.0,10.0,T,0.5,3.0,0.05,T,0.65,0.35,BINARY,T,T,T,F,F,DYNAMIC,50,4,1.0,50.0,50.0,4,1.333,25.0,0.05,2,1.0061617781118457,6.244706809446247,5.0308088905592285,filter_kh,274
DYNAMIC,32,1,FLAT,5.0,7630,3,400.0,1.0,0.1,25.0,0.08921009727780353,0.08921009727780353,WK_REG,2.0,31.223534047231233,0.25,5.0,0.0,0.0,3.0,F,F,T,T,0.0,0.0,0.0,24.978827237784987,24.978827237784987,0.0,10.0,T,0.5,3.0,0.05,T,0.65,0.35,BINARY,T,T,T,F,F,DYNAMIC,50,4,1.0,50.0,50.0,4,4.375,25.0,0.05,2,1.0061617781118457,6.244706809446247,5.0308088905592285,filter_kh,275
DYNAMIC,32,1,FLAT,7.0,7630,3,400.0,1.0,0.1,25.0,0.08921757754125112,0.08921757754125112,WK_REG,2.0,31.22615213943789,0.35000000000000003,7.0,0.0,0.0,3.0,F,F,T,T,0.0,0.0,0.0,24.980921711550312,24.980921711550312,0.0,0.0,T,0.5,3.0,0.05,T,0.65,0.35,BINARY,T,T,T,F,F,DYNAMIC,50,4,1.0,50.0,50.0,4,0.028,25.0,0.05,2,1.0060774185564914,6.245230427887578,7.04254192989544,filter_kh,376
DYNAMIC,32,1,FLAT,7.0,7630,3,400.0,1.0,0.1,25.0,0.08921757754125112,0.08921757754125112,WK_REG,2.0,31.22615213943789,0.35000000000000003,7.0,0.0,0.0,3.0,F,F,T,T,0.0,0.0,0.0,24.980921711550312,24.980921711550312,0.0,0.0,T,0.5,3.0,0.05,T,0.65,0.35,BINARY,T,T,T,F,F,DYNAMIC,50,4,1.0,50.0,50.0,4,0.442,25.0,0.05,2,1.0060774185564914,6.245230427887578,7.04254192989544,filter_kh,377
DYNAMIC,32,1,FLAT,7.0,7630,3,400.0,1.0,0.1,25.0,0.08921757754125112,0.08921757754125112,WK_REG,2.0,31.22615213943789,0.35000000000000003,7.0,0.0,0.0,3.0,F,F,T,T,0.0,0.0,0.0,24.980921711550312,24.980921711550312,0.0,0.0,T,0.5,3.0,0.05,T,0.65,0.35,BINARY,T,T,T,F,F,DYNAMIC,50,4,1.0,50.0,50.0,4,0.966,25.0,0.05,2,1.0060774185564914,6.245230427887578,7.04254192989544,filter_kh,378
DYNAMIC,32,1,FLAT,7.0,7630,3,400.0,1.0,0.1,25.0,0.08921757754125112,0.08921757754125112,WK_REG,2.0,31.22615213943789,0.35000000000000003,7.0,0.0,0.0,3.0,F,F,T,T,0.0,0.0,0.0,24.980921711550312,24.980921711550312,0.0,0.0,T,0.5,3.0,0.05,T,0.65,0.35,BINARY,T,T,T,F,F,DYNAMIC,50,4,1.0,50.0,50.0,4,1.333,25.0,0.05,2,1.0060774185564914,6.245230427887578,7.04254192989544,filter_kh,379
DYNAMIC,32,1,FLAT,7.0,7630,3,400.0,1.0,0.1,25.0,0.08921757754125112,0.08921757754125112,WK_REG,2.0,31.22615213943789,0.35000000000000003,7.0,0.0,0.0,3.0,F,F,T,T,0.0,0.0,0.0,24.980921711550312,24.980921711550312,0.0,0.0,T,0.5,3.0,0.05,T,0.65,0.35,BINARY,T,T,T,F,F,DYNAMIC,50,4,1.0,50.0,50.0,4,4.375,25.0,0.05,2,1.0060774185564914,6.245230427887578,7.04254192989544,filter_kh,380
DYNAMIC,32,1,FLAT,7.0,7630,3,400.0,1.0,0.1,25.0,0.08921757754125112,0.08921757754125112,WK_REG,2.0,31.22615213943789,0.35000000000000003,7.0,0.0,0.0,3.0,F,F,T,T,0.0,0.0,0.0,24.980921711550312,24.980921711550312,0.0,1.0,T,0.5,3.0,0.05,T,0.65,0.35,BINARY,T,T,T,F,F,DYNAMIC,50,4,1.0,50.0,50.0,4,0.028,25.0,0.05,2,1.0060774185564914,6.245230427887578,7.04254192989544,filter_kh,381
DYNAMIC,32,1,FLAT,7.0,7630,3,400.0,1.0,0.1,25.0,0.08921757754125112,0.08921757754125112,WK_REG,2.0,31.22615213943789,0.35000000000000003,7.0,0.0,0.0,3.0,F,F,T,T,0.0,0.0,0.0,24.980921711550312,24.980921711550312,0.0,1.0,T,0.5,3.0,0.05,T,0.65,0.35,BINARY,T,T,T,F,F,DYNAMIC,50,4,1.0,50.0,50.0,4,0.442,25.0,0.05,2,1.0060774185564914,6.245230427887578,7.04254192989544,filter_kh,382
DYNAMIC,32,1,FLAT,7.0,7630,3,400.0,1.0,0.1,25.0,0.08921757754125112,0.08921757754125112,WK_REG,2.0,31.22615213943789,0.35000000000000003,7.0,0.0,0.0,3.0,F,F,T,T,0.0,0.0,0.0,24.980921711550312,24.980921711550312,0.0,1.0,T,0.5,3.0,0.05,T,0.65,0.35,BINARY,T,T,T,F,F,DYNAMIC,50,4,1.0,50.0,50.0,4,0.966,25.0,0.05,2,1.0060774185564914,6.245230427887578,7.04254192989544,filter_kh,383
DYNAMIC,32,1,FLAT,7.0,7630,3,400.0,1.0,0.1,25.0,0.08921757754125112,0.08921757754125112,WK_REG,2.0,31.22615213943789,0.35000000000000003,7.0,0.0,0.0,3.0,F,F,T,T,0.0,0.0,0.0,24.980921711550312,24.980921711550312,0.0,1.0,T,0.5,3.0,0.05,T,0.65,0.35,BINARY,T,T,T,F,F,DYNAMIC,50,4,1.0,50.0,50.0,4,1.333,25.0,0.05,2,1.0060774185564914,6.245230427887578,7.04254192989544,filter_kh,384
DYNAMIC,32,1,FLAT,7.0,7630,3,400.0,1.0,0.1,25.0,0.08921757754125112,0.08921757754125112,WK_REG,2.0,31.22615213943789,0.35000000000000003,7.0,0.0,0.0,3.0,F,F,T,T,0.0,0.0,0.0,24.980921711550312,24.980921711550312,0.0,1.0,T,0.5,3.0,0.05,T,0.65,0.35,BINARY,T,T,T,F,F,DYNAMIC,50,4,1.0,50.0,50.0,4,4.375,25.0,0.05,2,1.0060774185564914,6.245230427887578,7.04254192989544,filter_kh,385
DYNAMIC,32,1,FLAT,7.0,7630,3,400.0,1.0,0.1,25.0,0.08921757754125112,0.08921757754125112,WK_REG,2.0,31.22615213943789,0.35000000000000003,7.0,0.0,0.0,3.0,F,F,T,T,0.0,0.0,0.0,24.980921711550312,24.980921711550312,0.0,2.0,T,0.5,3.0,0.05,T,0.65,0.35,BINARY,T,T,T,F,F,DYNAMIC,50,4,1.0,50.0,50.0,4,0.028,25.0,0.05,2,1.0060774185564914,6.245230427887578,7.04254192989544,filter_kh,386
DYNAMIC,32,1,FLAT,7.0,7630,3,400.0,1.0,0.1,25.0,0.08921757754125112,0.08921757754125112,WK_REG,2.0,31.22615213943789,0.35000000000000003,7.0,0.0,0.0,3.0,F,F,T,T,0.0,0.0,0.0,24.980921711550312,24.980921711550312,0.0,2.0,T,0.5,3.0,0.05,T,0.65,0.35,BINARY,T,T,T,F,F,DYNAMIC,50,4,1.0,50.0,50.0,4,0.442,25.0,0.05,2,1.0060774185564914,6.245230427887578,7.04254192989544,filter_kh,387
DYNAMIC,32,1,FLAT,7.0,7630,3,400.0,1.0,0.1,25.0,0.08921757754125112,0.08921757754125112,WK_REG,2.0,31.22615213943789,0.35000000000000003,7.0,0.0,0.0,3.0,F,F,T,T,0.0,0.0,0.0,24.980921711550312,24.980921711550312,0.0,2.0,T,0.5,3.0,0.05,T,0.65,0.35,BINARY,T,T,T,F,F,DYNAMIC,50,4,1.0,50.0,50.0,4,0.966,25.0,0.05,2,1.0060774185564914,6.245230427887578,7.04254192989544,filter_kh,388
DYNAMIC,32,1,FLAT,7.0,7630,3,400.0,1.0,0.1,25.0,0.08921757754125112,0.08921757754125112,WK_REG,2.0,31.22615213943789,0.35000000000000003,7.0,0.0,0.0,3.0,F,F,T,T,0.0,0.0,0.0,24.980921711550312,24.980921711550312,0.0,2.0,T,0.5,3.0,0.05,T,0.65,0.35,BINARY,T,T,T,F,F,DYNAMIC,50,4,1.0,50.0,50.0,4,1.333,25.0,0.05,2,1.0060774185564914,6.245230427887578,7.04254192989544,filter_kh,389
DYNAMIC,32,1,FLAT,7.0,7630,3,400.0,1.0,0.1,25.0,0.08921757754125112,0.08921757754125112,WK_REG,2.0,31.22615213943789,0.35000000000000003,7.0,0.0,0.0,3.0,F,F,T,T,0.0,0.0,0.0,24.980921711550312,24.980921711550312,0.0,2.0,T,0.5,3.0,0.05,T,0.65,0.35,BINARY,T,T,T,F,F,DYNAMIC,50,4,1.0,50.0,50.0,4,4.375,25.0,0.05,2,1.0060774185564914,6.245230427887578,7.04254192989544,filter_kh,390
DYNAMIC,32,1,FLAT,7.0,7630,3,400.0,1.0,0.1,25.0,0.08921757754125112,0.08921757754125112,WK_REG,2.0,31.22615213943789,0.35000000000000003,7.0,0.0,0.0,3.0,F,F,T,T,0.0,0.0,0.0,24.980921711550312,24.980921711550312,0.0,5.0,T,0.5,3.0,0.05,T,0.65,0.35,BINARY,T,T,T,F,F,DYNAMIC,50,4,1.0,50.0,50.0,4,0.028,25.0,0.05,2,1.0060774185564914,6.245230427887578,7.04254192989544,filter_kh,391
DYNAMIC,32,1,FLAT,7.0,7630,3,400.0,1.0,0.1,25.0,0.08921757754125112,0.08921757754125112,WK_REG,2.0,31.22615213943789,0.35000000000000003,7.0,0.0,0.0,3.0,F,F,T,T,0.0,0.0,0.0,24.980921711550312,24.980921711550312,0.0,5.0,T,0.5,3.0,0.05,T,0.65,0.35,BINARY,T,T,T,F,F,DYNAMIC,50,4,1.0,50.0,50.0,4,0.442,25.0,0.05,2,1.0060774185564914,6.245230427887578,7.04254192989544,filter_kh,392
DYNAMIC,32,1,FLAT,7.0,7630,3,400.0,1.0,0.1,25.0,0.08921757754125112,0.08921757754125112,WK_REG,2.0,31.22615213943789,0.35000000000000003,7.0,0.0,0.0,3.0,F,F,T,T,0.0,0.0,0.0,24.980921711550312,24.980921711550312,0.0,5.0,T,0.5,3.0,0.05,T,0.65,0.35,BINARY,T,T,T,F,F,DYNAMIC,50,4,1.0,50.0,50.0,4,0.966,25.0,0.05,2,1.0060774185564914,6.245230427887578,7.04254192989544,filter_kh,393
DYNAMIC,32,1,FLAT,7.0,7630,3,400.0,1.0,0.1,25.0,0.08921757754125112,0.08921757754125112,WK_REG,2.0,31.22615213943789,0.35000000000000003,7.0,0.0,0.0,3.0,F,F,T,T,0.0,0.0,0.0,24.980921711550312,24.980921711550312,0.0,5.0,T,0.5,3.0,0.05,T,0.65,0.35,BINARY,T,T,T,F,F,DYNAMIC,50,4,1.0,50.0,50.0,4,1.333,25.0,0.05,2,1.0060774185564914,6.245230427887578,7.04254192989544,filter_kh,394
DYNAMIC,32,1,FLAT,7.0,7630,3,400.0,1.0,0.1,25.0,0.08921757754125112,0.08921757754125112,WK_REG,2.0,31.22615213943789,0.35000000000000003,7.0,0.0,0.0,3.0,F,F,T,T,0.0,0.0,0.0,24.980921711550312,24.980921711550312,0.0,5.0,T,0.5,3.0,0.05,T,0.65,0.35,BINARY,T,T,T,F,F,DYNAMIC,50,4,1.0,50.0,50.0,4,4.375,25.0,0.05,2,1.0060774185564914,6.245230427887578,7.04254192989544,filter_kh,395
DYNAMIC,32,1,FLAT,7.0,7630,3,400.0,1.0,0.1,25.0,0.08921757754125112,0.08921757754125112,WK_REG,2.0,31.22615213943789,0.35000000000000003,7.0,0.0,0.0,3.0,F,F,T,T,0.0,0.0,0.0,24.980921711550312,24.980921711550312,0.0,10.0,T,0.5,3.0,0.05,T,0.65,0.35,BINARY,T,T,T,F,F,DYNAMIC,50,4,1.0,50.0,50.0,4,0.028,25.0,0.05,2,1.0060774185564914,6.245230427887578,7.04254192989544,filter_kh,396
DYNAMIC,32,1,FLAT,7.0,7630,3,400.0,1.0,0.1,25.0,0.08921757754125112,0.08921757754125112,WK_REG,2.0,31.22615213943789,0.35000000000000003,7.0,0.0,0.0,3.0,F,F,T,T,0.0,0.0,0.0,24.980921711550312,24.980921711550312,0.0,10.0,T,0.5,3.0,0.05,T,0.65,0.35,BINARY,T,T,T,F,F,DYNAMIC,50,4,1.0,50.0,50.0,4,0.442,25.0,0.05,2,1.0060774185564914,6.245230427887578,7.04254192989544,filter_kh,397
DYNAMIC,32,1,FLAT,7.0,7630,3,400.0,1.0,0.1,25.0,0.08921757754125112,0.08921757754125112,WK_REG,2.0,31.22615213943789,0.35000000000000003,7.0,0.0,0.0,3.0,F,F,T,T,0.0,0.0,0.0,24.980921711550312,24.980921711550312,0.0,10.0,T,0.5,3.0,0.05,T,0.65,0.35,BINARY,T,T,T,F,F,DYNAMIC,50,4,1.0,50.0,50.0,4,0.966,25.0,0.05,2,1.0060774185564914,6.245230427887578,7.04254192989544,filter_kh,398
DYNAMIC,32,1,FLAT,7.0,7630,3,400.0,1.0,0.1,25.0,0.08921757754125112,0.08921757754125112,WK_REG,2.0,31.22615213943789,0.35000000000000003,7.0,0.0,0.0,3.0,F,F,T,T,0.0,0.0,0.0,24.980921711550312,24.980921711550312,0.0,10.0,T,0.5,3.0,0.05,T,0.65,0.35,BINARY,T,T,T,F,F,DYNAMIC,50,4,1.0,50.0,50.0,4,1.333,25.0,0.05,2,1.0060774185564914,6.245230427887578,7.04254192989544,filter_kh,399
DYNAMIC,32,1,FLAT,7.0,7630,3,400.0,1.0,0.1,25.0,0.08921757754125112,0.08921757754125112,WK_REG,2.0,31.22615213943789,0.35000000000000003,7.0,0.0,0.0,3.0,F,F,T,T,0.0,0.0,0.0,24.980921711550312,24.980921711550312,0.0,10.0,T,0.5,3.0,0.05,T,0.65,0.35,BINARY,T,T,T,F,F,DYNAMIC,50,4,1.0,50.0,50.0,4,4.375,25.0,0.05,2,1.0060774185564914,6.245230427887578,7.04254192989544,filter_kh,400
DYNAMIC,32,1,FLAT,9.0,7631,3,400.0,1.0,0.1,25.0,0.08921771137719502,0.08921771137719502,WK_REG,2.0,31.226198982018257,0.45,9.0,0.0,0.0,3.0,F,F,T,T,0.0,0.0,0.0,24.980959185614605,24.980959185614605,0.0,0.0,T,0.5,3.0,0.05,T,0.65,0.35,BINARY,T,T,T,F,F,DYNAMIC,50,4,1.0,50.0,50.0,4,0.028,25.0,0.05,2,1.006075909334624,6.245239796403651,9.054683184011617,filter_kh,501
DYNAMIC,32,1,FLAT,9.0,7631,3,400.0,1.0,0.1,25.0,0.08921771137719502,0.08921771137719502,WK_REG,2.0,31.226198982018257,0.45,9.0,0.0,0.0,3.0,F,F,T,T,0.0,0.0,0.0,24.980959185614605,24.980959185614605,0.0,0.0,T,0.5,3.0,0.05,T,0.65,0.35,BINARY,T,T,T,F,F,DYNAMIC,50,4,1.0,50.0,50.0,4,0.442,25.0,0.05,2,1.006075909334624,6.245239796403651,9.054683184011617,filter_kh,502
DYNAMIC,32,1,FLAT,9.0,7631,3,400.0,1.0,0.1,25.0,0.08921771137719502,0.08921771137719502,WK_REG,2.0,31.226198982018257,0.45,9.0,0.0,0.0,3.0,F,F,T,T,0.0,0.0,0.0,24.980959185614605,24.980959185614605,0.0,0.0,T,0.5,3.0,0.05,T,0.65,0.35,BINARY,T,T,T,F,F,DYNAMIC,50,4,1.0,50.0,50.0,4,0.966,25.0,0.05,2,1.006075909334624,6.245239796403651,9.054683184011617,filter_kh,503
DYNAMIC,32,1,FLAT,9.0,7631,3,400.0,1.0,0.1,25.0,0.08921771137719502,0.08921771137719502,WK_REG,2.0,31.226198982018257,0.45,9.0,0.0,0.0,3.0,F,F,T,T,0.0,0.0,0.0,24.980959185614605,24.980959185614605,0.0,0.0,T,0.5,3.0,0.05,T,0.65,0.35,BINARY,T,T,T,F,F,DYNAMIC,50,4,1.0,50.0,50.0,4,1.333,25.0,0.05,2,1.006075909334624,6.245239796403651,9.054683184011617,filter_kh,504
DYNAMIC,32,1,FLAT,9.0,7631,3,400.0,1.0,0.1,25.0,0.08921771137719502,0.08921771137719502,WK_REG,2.0,31.226198982018257,0.45,9.0,0.0,0.0,3.0,F,F,T,T,0.0,0.0,0.0,24.980959185614605,24.980959185614605,0.0,0.0,T,0.5,3.0,0.05,T,0.65,0.35,BINARY,T,T,T,F,F,DYNAMIC,50,4,1.0,50.0,50.0,4,4.375,25.0,0.05,2,1.006075909334624,6.245239796403651,9.054683184011617,filter_kh,505
DYNAMIC,32,1,FLAT,9.0,7631,3,400.0,1.0,0.1,25.0,0.08921771137719502,0.08921771137719502,WK_REG,2.0,31.226198982018257,0.45,9.0,0.0,0.0,3.0,F,F,T,T,0.0,0.0,0.0,24.980959185614605,24.980959185614605,0.0,1.0,T,0.5,3.0,0.05,T,0.65,0.35,BINARY,T,T,T,F,F,DYNAMIC,50,4,1.0,50.0,50.0,4,0.028,25.0,0.05,2,1.006075909334624,6.245239796403651,9.054683184011617,filter_kh,506
DYNAMIC,32,1,FLAT,9.0,7631,3,400.0,1.0,0.1,25.0,0.08921771137719502,0.08921771137719502,WK_REG,2.0,31.226198982018257,0.45,9.0,0.0,0.0,3.0,F,F,T,T,0.0,0.0,0.0,24.980959185614605,24.980959185614605,0.0,1.0,T,0.5,3.0,0.05,T,0.65,0.35,BINARY,T,T,T,F,F,DYNAMIC,50,4,1.0,50.0,50.0,4,0.442,25.0,0.05,2,1.006075909334624,6.245239796403651,9.054683184011617,filter_kh,507
DYNAMIC,32,1,FLAT,9.0,7631,3,400.0,1.0,0.1,25.0,0.08921771137719502,0.08921771137719502,WK_REG,2.0,31.226198982018257,0.45,9.0,0.0,0.0,3.0,F,F,T,T,0.0,0.0,0.0,24.980959185614605,24.980959185614605,0.0,1.0,T,0.5,3.0,0.05,T,0.65,0.35,BINARY,T,T,T,F,F,DYNAMIC,50,4,1.0,50.0,50.0,4,0.966,25.0,0.05,2,1.006075909334624,6.245239796403651,9.054683184011617,filter_kh,508
DYNAMIC,32,1,FLAT,9.0,7631,3,400.0,1.0,0.1,25.0,0.08921771137719502,0.08921771137719502,WK_REG,2.0,31.226198982018257,0.45,9.0,0.0,0.0,3.0,F,F,T,T,0.0,0.0,0.0,24.980959185614605,24.980959185614605,0.0,1.0,T,0.5,3.0,0.05,T,0.65,0.35,BINARY,T,T,T,F,F,DYNAMIC,50,4,1.0,50.0,50.0,4,1.333,25.0,0.05,2,1.006075909334624,6.245239796403651,9.054683184011617,filter_kh,509
DYNAMIC,32,1,FLAT,9.0,7631,3,400.0,1.0,0.1,25.0,0.08921771137719502,0.08921771137719502,WK_REG,2.0,31.226198982018257,0.45,9.0,0.0,0.0,3.0,F,F,T,T,0.0,0.0,0.0,24.980959185614605,24.980959185614605,0.0,1.0,T,0.5,3.0,0.05,T,0.65,0.35,BINARY,T,T,T,F,F,DYNAMIC,50,4,1.0,50.0,50.0,4,4.375,25.0,0.05,2,1.006075909334624,6.245239796403651,9.054683184011617,filter_kh,510
DYNAMIC,32,1,FLAT,9.0,7631,3,400.0,1.0,0.1,25.0,0.08921771137719502,0.08921771137719502,WK_REG,2.0,31.226198982018257,0.45,9.0,0.0,0.0,3.0,F,F,T,T,0.0,0.0,0.0,24.980959185614605,24.980959185614605,0.0,2.0,T,0.5,3.0,0.05,T,0.65,0.35,BINARY,T,T,T,F,F,DYNAMIC,50,4,1.0,50.0,50.0,4,0.028,25.0,0.05,2,1.006075909334624,6.245239796403651,9.054683184011617,filter_kh,511
DYNAMIC,32,1,FLAT,9.0,7631,3,400.0,1.0,0.1,25.0,0.08921771137719502,0.08921771137719502,WK_REG,2.0,31.226198982018257,0.45,9.0,0.0,0.0,3.0,F,F,T,T,0.0,0.0,0.0,24.980959185614605,24.980959185614605,0.0,2.0,T,0.5,3.0,0.05,T,0.65,0.35,BINARY,T,T,T,F,F,DYNAMIC,50,4,1.0,50.0,50.0,4,0.442,25.0,0.05,2,1.006075909334624,6.245239796403651,9.054683184011617,filter_kh,512
DYNAMIC,32,1,FLAT,9.0,7631,3,400.0,1.0,0.1,25.0,0.08921771137719502,0.08921771137719502,WK_REG,2.0,31.226198982018257,0.45,9.0,0.0,0.0,3.0,F,F,T,T,0.0,0.0,0.0,24.980959185614605,24.980959185614605,0.0,2.0,T,0.5,3.0,0.05,T,0.65,0.35,BINARY,T,T,T,F,F,DYNAMIC,50,4,1.0,50.0,50.0,4,0.966,25.0,0.05,2,1.006075909334624,6.245239796403651,9.054683184011617,filter_kh,513
DYNAMIC,32,1,FLAT,9.0,7631,3,400.0,1.0,0.1,25.0,0.08921771137719502,0.08921771137719502,WK_REG,2.0,31.226198982018257,0.45,9.0,0.0,0.0,3.0,F,F,T,T,0.0,0.0,0.0,24.980959185614605,24.980959185614605,0.0,2.0,T,0.5,3.0,0.05,T,0.65,0.35,BINARY,T,T,T,F,F,DYNAMIC,50,4,1.0,50.0,50.0,4,1.333,25.0,0.05,2,1.006075909334624,6.245239796403651,9.054683184011617,filter_kh,514
DYNAMIC,32,1,FLAT,9.0,7631,3,400.0,1.0,0.1,25.0,0.08921771137719502,0.08921771137719502,WK_REG,2.0,31.226198982018257,0.45,9.0,0.0,0.0,3.0,F,F,T,T,0.0,0.0,0.0,24.980959185614605,24.980959185614605,0.0,2.0,T,0.5,3.0,0.05,T,0.65,0.35,BINARY,T,T,T,F,F,DYNAMIC,50,4,1.0,50.0,50.0,4,4.375,25.0,0.05,2,1.006075909334624,6.245239796403651,9.054683184011617,filter_kh,515
DYNAMIC,32,1,FLAT,9.0,7631,3,400.0,1.0,0.1,25.0,0.08921771137719502,0.08921771137719502,WK_REG,2.0,31.226198982018257,0.45,9.0,0.0,0.0,3.0,F,F,T,T,0.0,0.0,0.0,24.980959185614605,24.980959185614605,0.0,5.0,T,0.5,3.0,0.05,T,0.65,0.35,BINARY,T,T,T,F,F,DYNAMIC,50,4,1.0,50.0,50.0,4,0.028,25.0,0.05,2,1.006075909334624,6.245239796403651,9.054683184011617,filter_kh,516
DYNAMIC,32,1,FLAT,9.0,7631,3,400.0,1.0,0.1,25.0,0.08921771137719502,0.08921771137719502,WK_REG,2.0,31.226198982018257,0.45,9.0,0.0,0.0,3.0,F,F,T,T,0.0,0.0,0.0,24.980959185614605,24.980959185614605,0.0,5.0,T,0.5,3.0,0.05,T,0.65,0.35,BINARY,T,T,T,F,F,DYNAMIC,50,4,1.0,50.0,50.0,4,0.442,25.0,0.05,2,1.006075909334624,6.245239796403651,9.054683184011617,filter_kh,517
DYNAMIC,32,1,FLAT,9.0,7631,3,400.0,1.0,0.1,25.0,0.08921771137719502,0.08921771137719502,WK_REG,2.0,31.226198982018257,0.45,9.0,0.0,0.0,3.0,F,F,T,T,0.0,0.0,0.0,24.980959185614605,24.980959185614605,0.0,5.0,T,0.5,3.0,0.05,T,0.65,0.35,BINARY,T,T,T,F,F,DYNAMIC,50,4,1.0,50.0,50.0,4,0.966,25.0,0.05,2,1.006075909334624,6.245239796403651,9.054683184011617,filter_kh,518
DYNAMIC,32,1,FLAT,9.0,7631,3,400.0,1.0,0.1,25.0,0.08921771137719502,0.08921771137719502,WK_REG,2.0,31.226198982018257,0.45,9.0,0.0,0.0,3.0,F,F,T,T,0.0,0.0,0.0,24.980959185614605,24.980959185614605,0.0,5.0,T,0.5,3.0,0.05,T,0.65,0.35,BINARY,T,T,T,F,F,DYNAMIC,50,4,1.0,50.0,50.0,4,1.333,25.0,0.05,2,1.006075909334624,6.245239796403651,9.054683184011617,filter_kh,519
DYNAMIC,32,1,FLAT,9.0,7631,3,400.0,1.0,0.1,25.0,0.08921771137719502,0.08921771137719502,WK_REG,2.0,31.226198982018257,0.45,9.0,0.0,0.0,3.0,F,F,T,T,0.0,0.0,0.0,24.980959185614605,24.980959185614605,0.0,5.0,T,0.5,3.0,0.05,T,0.65,0.35,BINARY,T,T,T,F,F,DYNAMIC,50,4,1.0,50.0,50.0,4,4.375,25.0,0.05,2,1.006075909334624,6.245239796403651,9.054683184011617,filter_kh,520
DYNAMIC,32,1,FLAT,9.0,7631,3,400.0,1.0,0.1,25.0,0.08921771137719502,0.08921771137719502,WK_REG,2.0,31.226198982018257,0.45,9.0,0.0,0.0,3.0,F,F,T,T,0.0,0.0,0.0,24.980959185614605,24.980959185614605,0.0,10.0,T,0.5,3.0,0.05,T,0.65,0.35,BINARY,T,T,T,F,F,DYNAMIC,50,4,1.0,50.0,50.0,4,0.028,25.0,0.05,2,1.006075909334624,6.245239796403651,9.054683184011617,filter_kh,521
DYNAMIC,32,1,FLAT,9.0,7631,3,400.0,1.0,0.1,25.0,0.08921771137719502,0.08921771137719502,WK_REG,2.0,31.226198982018257,0.45,9.0,0.0,0.0,3.0,F,F,T,T,0.0,0.0,0.0,24.980959185614605,24.980959185614605,0.0,10.0,T,0.5,3.0,0.05,T,0.65,0.35,BINARY,T,T,T,F,F,DYNAMIC,50,4,1.0,50.0,50.0,4,0.442,25.0,0.05,2,1.006075909334624,6.245239796403651,9.054683184011617,filter_kh,522
DYNAMIC,32,1,FLAT,9.0,7631,3,400.0,1.0,0.1,25.0,0.08921771137719502,0.08921771137719502,WK_REG,2.0,31.226198982018257,0.45,9.0,0.0,0.0,3.0,F,F,T,T,0.0,0.0,0.0,24.980959185614605,24.980959185614605,0.0,10.0,T,0.5,3.0,0.05,T,0.65,0.35,BINARY,T,T,T,F,F,DYNAMIC,50,4,1.0,50.0,50.0,4,0.966,25.0,0.05,2,1.006075909334624,6.245239796403651,9.054683184011617,filter_kh,523
DYNAMIC,32,1,FLAT,9.0,7631,3,400.0,1.0,0.1,25.0,0.08921771137719502,0.08921771137719502,WK_REG,2.0,31.226198982018257,0.45,9.0,0.0,0.0,3.0,F,F,T,T,0.0,0.0,0.0,24.980959185614605,24.980959185614605,0.0,10.0,T,0.5,3.0,0.05,T,0.65,0.35,BINARY,T,T,T,F,F,DYNAMIC,50,4,1.0,50.0,50.0,4,1.333,25.0,0.05,2,1.006075909334624,6.245239796403651,9.054683184011617,filter_kh,524
DYNAMIC,32,1,FLAT,9.0,7631,3,400.0,1.0,0.1,25.0,0.08921771137719502,0.08921771137719502,WK_REG,2.0,31.226198982018257,0.45,9.0,0.0,0.0,3.0,F,F,T,T,0.0,0.0,0.0,24.980959185614605,24.980959185614605,0.0,10.0,T,0.5,3.0,0.05,T,0.65,0.35,BINARY,T,T,T,F,F,DYNAMIC,50,4,1.0,50.0,50.0,4,4.375,25.0,0.05,2,1.006075909334624,6.245239796403651,9.054683184011617,filter_kh,525
DYNAMIC,32,1,FLAT,11.0,7630,3,400.0,1.0,0.1,25.0,0.08921771376968196,0.08921771376968196,WK_REG,2.0,31.226199819388686,0.55,11.0,0.0,0.0,3.0,F,F,T,T,0.0,0.0,0.0,24.98095985551095,24.98095985551095,0.0,0.0,T,0.5,3.0,0.05,T,0.65,0.35,BINARY,T,T,T,F,F,DYNAMIC,50,4,1.0,50.0,50.0,4,0.028,25.0,0.05,2,1.0060758823554137,6.245239963877737,11.06683470590955,filter_kh,626
DYNAMIC,32,1,FLAT,11.0,7630,3,400.0,1.0,0.1,25.0,0.08921771376968196,0.08921771376968196,WK_REG,2.0,31.226199819388686,0.55,11.0,0.0,0.0,3.0,F,F,T,T,0.0,0.0,0.0,24.98095985551095,24.98095985551095,0.0,0.0,T,0.5,3.0,0.05,T,0.65,0.35,BINARY,T,T,T,F,F,DYNAMIC,50,4,1.0,50.0,50.0,4,0.442,25.0,0.05,2,1.0060758823554137,6.245239963877737,11.06683470590955,filter_kh,627
DYNAMIC,32,1,FLAT,11.0,7630,3,400.0,1.0,0.1,25.0,0.08921771376968196,0.08921771376968196,WK_REG,2.0,31.226199819388686,0.55,11.0,0.0,0.0,3.0,F,F,T,T,0.0,0.0,0.0,24.98095985551095,24.98095985551095,0.0,0.0,T,0.5,3.0,0.05,T,0.65,0.35,BINARY,T,T,T,F,F,DYNAMIC,50,4,1.0,50.0,50.0,4,0.966,25.0,0.05,2,1.0060758823554137,6.245239963877737,11.06683470590955,filter_kh,628
DYNAMIC,32,1,FLAT,11.0,7630,3,400.0,1.0,0.1,25.0,0.08921771376968196,0.08921771376968196,WK_REG,2.0,31.226199819388686,0.55,11.0,0.0,0.0,3.0,F,F,T,T,0.0,0.0,0.0,24.98095985551095,24.98095985551095,0.0,0.0,T,0.5,3.0,0.05,T,0.65,0.35,BINARY,T,T,T,F,F,DYNAMIC,50,4,1.0,50.0,50.0,4,1.333,25.0,0.05,2,1.0060758823554137,6.245239963877737,11.06683470590955,filter_kh,629
DYNAMIC,32,1,FLAT,11.0,7630,3,400.0,1.0,0.1,25.0,0.08921771376968196,0.08921771376968196,WK_REG,2.0,31.226199819388686,0.55,11.0,0.0,0.0,3.0,F,F,T,T,0.0,0.0,0.0,24.98095985551095,24.98095985551095,0.0,0.0,T,0.5,3.0,0.05,T,0.65,0.35,BINARY,T,T,T,F,F,DYNAMIC,50,4,1.0,50.0,50.0,4,4.375,25.0,0.05,2,1.0060758823554137,6.245239963877737,11.06683470590955,filter_kh,630
DYNAMIC,32,1,FLAT,11.0,7630,3,400.0,1.0,0.1,25.0,0.08921771376968196,0.08921771376968196,WK_REG,2.0,31.226199819388686,0.55,11.0,0.0,0.0,3.0,F,F,T,T,0.0,0.0,0.0,24.98095985551095,24.98095985551095,0.0,1.0,T,0.5,3.0,0.05,T,0.65,0.35,BINARY,T,T,T,F,F,DYNAMIC,50,4,1.0,50.0,50.0,4,0.028,25.0,0.05,2,1.0060758823554137,6.245239963877737,11.06683470590955,filter_kh,631
DYNAMIC,32,1,FLAT,11.0,7630,3,400.0,1.0,0.1,25.0,0.08921771376968196,0.08921771376968196,WK_REG,2.0,31.226199819388686,0.55,11.0,0.0,0.0,3.0,F,F,T,T,0.0,0.0,0.0,24.98095985551095,24.98095985551095,0.0,1.0,T,0.5,3.0,0.05,T,0.65,0.35,BINARY,T,T,T,F,F,DYNAMIC,50,4,1.0,50.0,50.0,4,0.442,25.0,0.05,2,1.0060758823554137,6.245239963877737,11.06683470590955,filter_kh,632
DYNAMIC,32,1,FLAT,11.0,7630,3,400.0,1.0,0.1,25.0,0.08921771376968196,0.08921771376968196,WK_REG,2.0,31.226199819388686,0.55,11.0,0.0,0.0,3.0,F,F,T,T,0.0,0.0,0.0,24.98095985551095,24.98095985551095,0.0,1.0,T,0.5,3.0,0.05,T,0.65,0.35,BINARY,T,T,T,F,F,DYNAMIC,50,4,1.0,50.0,50.0,4,0.966,25.0,0.05,2,1.0060758823554137,6.245239963877737,11.06683470590955,filter_kh,633
DYNAMIC,32,1,FLAT,11.0,7630,3,400.0,1.0,0.1,25.0,0.08921771376968196,0.08921771376968196,WK_REG,2.0,31.226199819388686,0.55,11.0,0.0,0.0,3.0,F,F,T,T,0.0,0.0,0.0,24.98095985551095,24.98095985551095,0.0,1.0,T,0.5,3.0,0.05,T,0.65,0.35,BINARY,T,T,T,F,F,DYNAMIC,50,4,1.0,50.0,50.0,4,1.333,25.0,0.05,2,1.0060758823554137,6.245239963877737,11.06683470590955,filter_kh,634
DYNAMIC,32,1,FLAT,11.0,7630,3,400.0,1.0,0.1,25.0,0.08921771376968196,0.08921771376968196,WK_REG,2.0,31.226199819388686,0.55,11.0,0.0,0.0,3.0,F,F,T,T,0.0,0.0,0.0,24.98095985551095,24.98095985551095,0.0,1.0,T,0.5,3.0,0.05,T,0.65,0.35,BINARY,T,T,T,F,F,DYNAMIC,50,4,1.0,50.0,50.0,4,4.375,25.0,0.05,2,1.0060758823554137,6.245239963877737,11.06683470590955,filter_kh,635
DYNAMIC,32,1,FLAT,11.0,7630,3,400.0,1.0,0.1,25.0,0.08921771376968196,0.08921771376968196,WK_REG,2.0,31.226199819388686,0.55,11.0,0.0,0.0,3.0,F,F,T,T,0.0,0.0,0.0,24.98095985551095,24.98095985551095,0.0,2.0,T,0.5,3.0,0.05,T,0.65,0.35,BINARY,T,T,T,F,F,DYNAMIC,50,4,1.0,50.0,50.0,4,0.028,25.0,0.05,2,1.0060758823554137,6.245239963877737,11.06683470590955,filter_kh,636
DYNAMIC,32,1,FLAT,11.0,7630,3,400.0,1.0,0.1,25.0,0.08921771376968196,0.08921771376968196,WK_REG,2.0,31.226199819388686,0.55,11.0,0.0,0.0,3.0,F,F,T,T,0.0,0.0,0.0,24.98095985551095,24.98095985551095,0.0,2.0,T,0.5,3.0,0.05,T,0.65,0.35,BINARY,T,T,T,F,F,DYNAMIC,50,4,1.0,50.0,50.0,4,0.442,25.0,0.05,2,1.0060758823554137,6.245239963877737,11.06683470590955,filter_kh,637
DYNAMIC,32,1,FLAT,11.0,7630,3,400.0,1.0,0.1,25.0,0.08921771376968196,0.08921771376968196,WK_REG,2.0,31.226199819388686,0.55,11.0,0.0,0.0,3.0,F,F,T,T,0.0,0.0,0.0,24.98095985551095,24.98095985551095,0.0,2.0,T,0.5,3.0,0.05,T,0.65,0.35,BINARY,T,T,T,F,F,DYNAMIC,50,4,1.0,50.0,50.0,4,0.966,25.0,0.05,2,1.0060758823554137,6.245239963877737,11.06683470590955,filter_kh,638
DYNAMIC,32,1,FLAT,11.0,7630,3,400.0,1.0,0.1,25.0,0.08921771376968196,0.08921771376968196,WK_REG,2.0,31.226199819388686,0.55,11.0,0.0,0.0,3.0,F,F,T,T,0.0,0.0,0.0,24.98095985551095,24.98095985551095,0.0,2.0,T,0.5,3.0,0.05,T,0.65,0.35,BINARY,T,T,T,F,F,DYNAMIC,50,4,1.0,50.0,50.0,4,1.333,25.0,0.05,2,1.0060758823554137,6.245239963877737,11.06683470590955,filter_kh,639
DYNAMIC,32,1,FLAT,11.0,7630,3,400.0,1.0,0.1,25.0,0.08921771376968196,0.08921771376968196,WK_REG,2.0,31.226199819388686,0.55,11.0,0.0,0.0,3.0,F,F,T,T,0.0,0.0,0.0,24.98095985551095,24.98095985551095,0.0,2.0,T,0.5,3.0,0.05,T,0.65,0.35,BINARY,T,T,T,F,F,DYNAMIC,50,4,1.0,50.0,50.0,4,4.375,25.0,0.05,2,1.0060758823554137,6.245239963877737,11.06683470590955,filter_kh,640
DYNAMIC,32,1,FLAT,11.0,7630,3,400.0,1.0,0.1,25.0,0.08921771376968196,0.08921771376968196,WK_REG,2.0,31.226199819388686,0.55,11.0,0.0,0.0,3.0,F,F,T,T,0.0,0.0,0.0,24.98095985551095,24.98095985551095,0.0,5.0,T,0.5,3.0,0.05,T,0.65,0.35,BINARY,T,T,T,F,F,DYNAMIC,50,4,1.0,50.0,50.0,4,0.028,25.0,0.05,2,1.0060758823554137,6.245239963877737,11.06683470590955,filter_kh,641
DYNAMIC,32,1,FLAT,11.0,7630,3,400.0,1.0,0.1,25.0,0.08921771376968196,0.08921771376968196,WK_REG,2.0,31.226199819388686,0.55,11.0,0.0,0.0,3.0,F,F,T,T,0.0,0.0,0.0,24.98095985551095,24.98095985551095,0.0,5.0,T,0.5,3.0,0.05,T,0.65,0.35,BINARY,T,T,T,F,F,DYNAMIC,50,4,1.0,50.0,50.0,4,0.442,25.0,0.05,2,1.0060758823554137,6.245239963877737,11.06683470590955,filter_kh,642
DYNAMIC,32,1,FLAT,11.0,7630,3,400.0,1.0,0.1,25.0,0.08921771376968196,0.08921771376968196,WK_REG,2.0,31.226199819388686,0.55,11.0,0.0,0.0,3.0,F,F,T,T,0.0,0.0,0.0,24.98095985551095,24.98095985551095,0.0,5.0,T,0.5,3.0,0.05,T,0.65,0.35,BINARY,T,T,T,F,F,DYNAMIC,50,4,1.0,50.0,50.0,4,0.966,25.0,0.05,2,1.0060758823554137,6.245239963877737,11.06683470590955,filter_kh,643
DYNAMIC,32,1,FLAT,11.0,7630,3,400.0,1.0,0.1,25.0,0.08921771376968196,0.08921771376968196,WK_REG,2.0,31.226199819388686,0.55,11.0,0.0,0.0,3.0,F,F,T,T,0.0,0.0,0.0,24.98095985551095,24.98095985551095,0.0,5.0,T,0.5,3.0,0.05,T,0.65,0.35,BINARY,T,T,T,F,F,DYNAMIC,50,4,1.0,50.0,50.0,4,1.333,25.0,0.05,2,1.0060758823554137,6.245239963877737,11.06683470590955,filter_kh,644
DYNAMIC,32,1,FLAT,11.0,7630,3,400.0,1.0,0.1,25.0,0.08921771376968196,0.08921771376968196,WK_REG,2.0,31.226199819388686,0.55,11.0,0.0,0.0,3.0,F,F,T,T,0.0,0.0,0.0,24.98095985551095,24.98095985551095,0.0,5.0,T,0.5,3.0,0.05,T,0.65,0.35,BINARY,T,T,T,F,F,DYNAMIC,50,4,1.0,50.0,50.0,4,4.375,25.0,0.05,2,1.0060758823554137,6.245239963877737,11.06683470590955,filter_kh,645
DYNAMIC,32,1,FLAT,11.0,7630,3,400.0,1.0,0.1,25.0,0.08921771376968196,0.08921771376968196,WK_REG,2.0,31.226199819388686,0.55,11.0,0.0,0.0,3.0,F,F,T,T,0.0,0.0,0.0,24.98095985551095,24.98095985551095,0.0,10.0,T,0.5,3.0,0.05,T,0.65,0.35,BINARY,T,T,T,F,F,DYNAMIC,50,4,1.0,50.0,50.0,4,0.028,25.0,0.05,2,1.0060758823554137,6.245239963877737,11.06683470590955,filter_kh,646
DYNAMIC,32,1,FLAT,11.0,7630,3,400.0,1.0,0.1,25.0,0.08921771376968196,0.08921771376968196,WK_REG,2.0,31.226199819388686,0.55,11.0,0.0,0.0,3.0,F,F,T,T,0.0,0.0,0.0,24.98095985551095,24.98095985551095,0.0,10.0,T,0.5,3.0,0.05,T,0.65,0.35,BINARY,T,T,T,F,F,DYNAMIC,50,4,1.0,50.0,50.0,4,0.442,25.0,0.05,2,1.0060758823554137,6.245239963877737,11.06683470590955,filter_kh,647
DYNAMIC,32,1,FLAT,11.0,7630,3,400.0,1.0,0.1,25.0,0.08921771376968196,0.08921771376968196,WK_REG,2.0,31.226199819388686,0.55,11.0,0.0,0.0,3.0,F,F,T,T,0.0,0.0,0.0,24.98095985551095,24.98095985551095,0.0,10.0,T,0.5,3.0,0.05,T,0.65,0.35,BINARY,T,T,T,F,F,DYNAMIC,50,4,1.0,50.0,50.0,4,0.966,25.0,0.05,2,1.0060758823554137,6.245239963877737,11.06683470590955,filter_kh,648
DYNAMIC,32,1,FLAT,11.0,7630,3,400.0,1.0,0.1,25.0,0.08921771376968196,0.08921771376968196,WK_REG,2.0,31.226199819388686,0.55,11.0,0.0,0.0,3.0,F,F,T,T,0.0,0.0,0.0,24.98095985551095,24.98095985551095,0.0,10.0,T,0.5,3.0,0.05,T,0.65,0.35,BINARY,T,T,T,F,F,DYNAMIC,50,4,1.0,50.0,50.0,4,1.333,25.0,0.05,2,1.0060758823554137,6.245239963877737,11.06683470590955,filter_kh,649
DYNAMIC,32,1,FLAT,11.0,7630,3,400.0,1.0,0.1,25.0,0.08921771376968196,0.08921771376968196,WK_REG,2.0,31.226199819388686,0.55,11.0,0.0,0.0,3.0,F,F,T,T,0.0,0.0,0.0,24.98095985551095,24.98095985551095,0.0,10.0,T,0.5,3.0,0.05,T,0.65,0.35,BINARY,T,T,T,F,F,DYNAMIC,50,4,1.0,50.0,50.0,4,4.375,25.0,0.05,2,1.0060758823554137,6.245239963877737,11.06683470590955,filter_kh,650
DYNAMIC,32,1,FLAT,13.0,7631,3,400.0,1.0,0.1,25.0,0.08921771381244976,0.08921771381244976,WK_REG,2.0,31.22619983435742,0.65,13.0,0.0,0.0,3.0,F,F,T,T,0.0,0.0,0.0,24.980959867485936,24.980959867485936,0.0,0.0,T,0.5,3.0,0.05,T,0.65,0.35,BINARY,T,T,T,F,F,DYNAMIC,50,4,1.0,50.0,50.0,4,0.028,25.0,0.05,2,1.0060758818731366,6.245239966871484,13.078986464350775,filter_kh,751
DYNAMIC,32,1,FLAT,13.0,7631,3,400.0,1.0,0.1,25.0,0.08921771381244976,0.08921771381244976,WK_REG,2.0,31.22619983435742,0.65,13.0,0.0,0.0,3.0,F,F,T,T,0.0,0.0,0.0,24.980959867485936,24.980959867485936,0.0,0.0,T,0.5,3.0,0.05,T,0.65,0.35,BINARY,T,T,T,F,F,DYNAMIC,50,4,1.0,50.0,50.0,4,0.442,25.0,0.05,2,1.0060758818731366,6.245239966871484,13.078986464350775,filter_kh,752
DYNAMIC,32,1,FLAT,13.0,7631,3,400.0,1.0,0.1,25.0,0.08921771381244976,0.08921771381244976,WK_REG,2.0,31.22619983435742,0.65,13.0,0.0,0.0,3.0,F,F,T,T,0.0,0.0,0.0,24.980959867485936,24.980959867485936,0.0,0.0,T,0.5,3.0,0.05,T,0.65,0.35,BINARY,T,T,T,F,F,DYNAMIC,50,4,1.0,50.0,50.0,4,0.966,25.0,0.05,2,1.0060758818731366,6.245239966871484,13.078986464350775,filter_kh,753
DYNAMIC,32,1,FLAT,13.0,7631,3,400.0,1.0,0.1,25.0,0.08921771381244976,0.08921771381244976,WK_REG,2.0,31.22619983435742,0.65,13.0,0.0,0.0,3.0,F,F,T,T,0.0,0.0,0.0,24.980959867485936,24.980959867485936,0.0,0.0,T,0.5,3.0,0.05,T,0.65,0.35,BINARY,T,T,T,F,F,DYNAMIC,50,4,1.0,50.0,50.0,4,1.333,25.0,0.05,2,1.0060758818731366,6.245239966871484,13.078986464350775,filter_kh,754
DYNAMIC,32,1,FLAT,13.0,7631,3,400.0,1.0,0.1,25.0,0.08921771381244976,0.08921771381244976,WK_REG,2.0,31.22619983435742,0.65,13.0,0.0,0.0,3.0,F,F,T,T,0.0,0.0,0.0,24.980959867485936,24.980959867485936,0.0,0.0,T,0.5,3.0,0.05,T,0.65,0.35,BINARY,T,T,T,F,F,DYNAMIC,50,4,1.0,50.0,50.0,4,4.375,25.0,0.05,2,1.0060758818731366,6.245239966871484,13.078986464350775,filter_kh,755
DYNAMIC,32,1,FLAT,13.0,7631,3,400.0,1.0,0.1,25.0,0.08921771381244976,0.08921771381244976,WK_REG,2.0,31.22619983435742,0.65,13.0,0.0,0.0,3.0,F,F,T,T,0.0,0.0,0.0,24.980959867485936,24.980959867485936,0.0,1.0,T,0.5,3.0,0.05,T,0.65,0.35,BINARY,T,T,T,F,F,DYNAMIC,50,4,1.0,50.0,50.0,4,0.028,25.0,0.05,2,1.0060758818731366,6.245239966871484,13.078986464350775,filter_kh,756
DYNAMIC,32,1,FLAT,13.0,7631,3,400.0,1.0,0.1,25.0,0.08921771381244976,0.08921771381244976,WK_REG,2.0,31.22619983435742,0.65,13.0,0.0,0.0,3.0,F,F,T,T,0.0,0.0,0.0,24.980959867485936,24.980959867485936,0.0,1.0,T,0.5,3.0,0.05,T,0.65,0.35,BINARY,T,T,T,F,F,DYNAMIC,50,4,1.0,50.0,50.0,4,0.442,25.0,0.05,2,1.0060758818731366,6.245239966871484,13.078986464350775,filter_kh,757
DYNAMIC,32,1,FLAT,13.0,7631,3,400.0,1.0,0.1,25.0,0.08921771381244976,0.08921771381244976,WK_REG,2.0,31.22619983435742,0.65,13.0,0.0,0.0,3.0,F,F,T,T,0.0,0.0,0.0,24.980959867485936,24.980959867485936,0.0,1.0,T,0.5,3.0,0.05,T,0.65,0.35,BINARY,T,T,T,F,F,DYNAMIC,50,4,1.0,50.0,50.0,4,0.966,25.0,0.05,2,1.0060758818731366,6.245239966871484,13.078986464350775,filter_kh,758
DYNAMIC,32,1,FLAT,13.0,7631,3,400.0,1.0,0.1,25.0,0.08921771381244976,0.08921771381244976,WK_REG,2.0,31.22619983435742,0.65,13.0,0.0,0.0,3.0,F,F,T,T,0.0,0.0,0.0,24.980959867485936,24.980959867485936,0.0,1.0,T,0.5,3.0,0.05,T,0.65,0.35,BINARY,T,T,T,F,F,DYNAMIC,50,4,1.0,50.0,50.0,4,1.333,25.0,0.05,2,1.0060758818731366,6.245239966871484,13.078986464350775,filter_kh,759
DYNAMIC,32,1,FLAT,13.0,7631,3,400.0,1.0,0.1,25.0,0.08921771381244976,0.08921771381244976,WK_REG,2.0,31.22619983435742,0.65,13.0,0.0,0.0,3.0,F,F,T,T,0.0,0.0,0.0,24.980959867485936,24.980959867485936,0.0,1.0,T,0.5,3.0,0.05,T,0.65,0.35,BINARY,T,T,T,F,F,DYNAMIC,50,4,1.0,50.0,50.0,4,4.375,25.0,0.05,2,1.0060758818731366,6.245239966871484,13.078986464350775,filter_kh,760
DYNAMIC,32,1,FLAT,13.0,7631,3,400.0,1.0,0.1,25.0,0.08921771381244976,0.08921771381244976,WK_REG,2.0,31.22619983435742,0.65,13.0,0.0,0.0,3.0,F,F,T,T,0.0,0.0,0.0,24.980959867485936,24.980959867485936,0.0,2.0,T,0.5,3.0,0.05,T,0.65,0.35,BINARY,T,T,T,F,F,DYNAMIC,50,4,1.0,50.0,50.0,4,0.028,25.0,0.05,2,1.0060758818731366,6.245239966871484,13.078986464350775,filter_kh,761
DYNAMIC,32,1,FLAT,13.0,7631,3,400.0,1.0,0.1,25.0,0.08921771381244976,0.08921771381244976,WK_REG,2.0,31.22619983435742,0.65,13.0,0.0,0.0,3.0,F,F,T,T,0.0,0.0,0.0,24.980959867485936,24.980959867485936,0.0,2.0,T,0.5,3.0,0.05,T,0.65,0.35,BINARY,T,T,T,F,F,DYNAMIC,50,4,1.0,50.0,50.0,4,0.442,25.0,0.05,2,1.0060758818731366,6.245239966871484,13.078986464350775,filter_kh,762
DYNAMIC,32,1,FLAT,13.0,7631,3,400.0,1.0,0.1,25.0,0.08921771381244976,0.08921771381244976,WK_REG,2.0,31.22619983435742,0.65,13.0,0.0,0.0,3.0,F,F,T,T,0.0,0.0,0.0,24.980959867485936,24.980959867485936,0.0,2.0,T,0.5,3.0,0.05,T,0.65,0.35,BINARY,T,T,T,F,F,DYNAMIC,50,4,1.0,50.0,50.0,4,0.966,25.0,0.05,2,1.0060758818731366,6.245239966871484,13.078986464350775,filter_kh,763
DYNAMIC,32,1,FLAT,13.0,7631,3,400.0,1.0,0.1,25.0,0.08921771381244976,0.08921771381244976,WK_REG,2.0,31.22619983435742,0.65,13.0,0.0,0.0,3.0,F,F,T,T,0.0,0.0,0.0,24.980959867485936,24.980959867485936,0.0,2.0,T,0.5,3.0,0.05,T,0.65,0.35,BINARY,T,T,T,F,F,DYNAMIC,50,4,1.0,50.0,50.0,4,1.333,25.0,0.05,2,1.0060758818731366,6.245239966871484,13.078986464350775,filter_kh,764
DYNAMIC,32,1,FLAT,13.0,7631,3,400.0,1.0,0.1,25.0,0.08921771381244976,0.08921771381244976,WK_REG,2.0,31.22619983435742,0.65,13.0,0.0,0.0,3.0,F,F,T,T,0.0,0.0,0.0,24.980959867485936,24.980959867485936,0.0,2.0,T,0.5,3.0,0.05,T,0.65,0.35,BINARY,T,T,T,F,F,DYNAMIC,50,4,1.0,50.0,50.0,4,4.375,25.0,0.05,2,1.0060758818731366,6.245239966871484,13.078986464350775,filter_kh,765
DYNAMIC,32,1,FLAT,13.0,7631,3,400.0,1.0,0.1,25.0,0.08921771381244976,0.08921771381244976,WK_REG,2.0,31.22619983435742,0.65,13.0,0.0,0.0,3.0,F,F,T,T,0.0,0.0,0.0,24.980959867485936,24.980959867485936,0.0,5.0,T,0.5,3.0,0.05,T,0.65,0.35,BINARY,T,T,T,F,F,DYNAMIC,50,4,1.0,50.0,50.0,4,0.028,25.0,0.05,2,1.0060758818731366,6.245239966871484,13.078986464350775,filter_kh,766
DYNAMIC,32,1,FLAT,13.0,7631,3,400.0,1.0,0.1,25.0,0.08921771381244976,0.08921771381244976,WK_REG,2.0,31.22619983435742,0.65,13.0,0.0,0.0,3.0,F,F,T,T,0.0,0.0,0.0,24.980959867485936,24.980959867485936,0.0,5.0,T,0.5,3.0,0.05,T,0.65,0.35,BINARY,T,T,T,F,F,DYNAMIC,50,4,1.0,50.0,50.0,4,0.442,25.0,0.05,2,1.0060758818731366,6.245239966871484,13.078986464350775,filter_kh,767
DYNAMIC,32,1,FLAT,13.0,7631,3,400.0,1.0,0.1,25.0,0.08921771381244976,0.08921771381244976,WK_REG,2.0,31.22619983435742,0.65,13.0,0.0,0.0,3.0,F,F,T,T,0.0,0.0,0.0,24.980959867485936,24.980959867485936,0.0,5.0,T,0.5,3.0,0.05,T,0.65,0.35,BINARY,T,T,T,F,F,DYNAMIC,50,4,1.0,50.0,50.0,4,0.966,25.0,0.05,2,1.0060758818731366,6.245239966871484,13.078986464350775,filter_kh,768
DYNAMIC,32,1,FLAT,13.0,7631,3,400.0,1.0,0.1,25.0,0.08921771381244976,0.08921771381244976,WK_REG,2.0,31.22619983435742,0.65,13.0,0.0,0.0,3.0,F,F,T,T,0.0,0.0,0.0,24.980959867485936,24.980959867485936,0.0,5.0,T,0.5,3.0,0.05,T,0.65,0.35,BINARY,T,T,T,F,F,DYNAMIC,50,4,1.0,50.0,50.0,4,1.333,25.0,0.05,2,1.0060758818731366,6.245239966871484,13.078986464350775,filter_kh,769
DYNAMIC,32,1,FLAT,13.0,7631,3,400.0,1.0,0.1,25.0,0.08921771381244976,0.08921771381244976,WK_REG,2.0,31.22619983435742,0.65,13.0,0.0,0.0,3.0,F,F,T,T,0.0,0.0,0.0,24.980959867485936,24.980959867485936,0.0,5.0,T,0.5,3.0,0.05,T,0.65,0.35,BINARY,T,T,T,F,F,DYNAMIC,50,4,1.0,50.0,50.0,4,4.375,25.0,0.05,2,1.0060758818731366,6.245239966871484,13.078986464350775,filter_kh,770
DYNAMIC,32,1,FLAT,13.0,7631,3,400.0,1.0,0.1,25.0,0.08921771381244976,0.08921771381244976,WK_REG,2.0,31.22619983435742,0.65,13.0,0.0,0.0,3.0,F,F,T,T,0.0,0.0,0.0,24.980959867485936,24.980959867485936,0.0,10.0,T,0.5,3.0,0.05,T,0.65,0.35,BINARY,T,T,T,F,F,DYNAMIC,50,4,1.0,50.0,50.0,4,0.028,25.0,0.05,2,1.0060758818731366,6.245239966871484,13.078986464350775,filter_kh,771
DYNAMIC,32,1,FLAT,13.0,7631,3,400.0,1.0,0.1,25.0,0.08921771381244976,0.08921771381244976,WK_REG,2.0,31.22619983435742,0.65,13.0,0.0,0.0,3.0,F,F,T,T,0.0,0.0,0.0,24.980959867485936,24.980959867485936,0.0,10.0,T,0.5,3.0,0.05,T,0.65,0.35,BINARY,T,T,T,F,F,DYNAMIC,50,4,1.0,50.0,50.0,4,0.442,25.0,0.05,2,1.0060758818731366,6.245239966871484,13.078986464350775,filter_kh,772
DYNAMIC,32,1,FLAT,13.0,7631,3,400.0,1.0,0.1,25.0,0.08921771381244976,0.08921771381244976,WK_REG,2.0,31.22619983435742,0.65,13.0,0.0,0.0,3.0,F,F,T,T,0.0,0.0,0.0,24.980959867485936,24.980959867485936,0.0,10.0,T,0.5,3.0,0.05,T,0.65,0.35,BINARY,T,T,T,F,F,DYNAMIC,50,4,1.0,50.0,50.0,4,0.966,25.0,0.05,2,1.0060758818731366,6.245239966871484,13.078986464350775,filter_kh,773
DYNAMIC,32,1,FLAT,13.0,7631,3,400.0,1.0,0.1,25.0,0.08921771381244976,0.08921771381244976,WK_REG,2.0,31.22619983435742,0.65,13.0,0.0,0.0,3.0,F,F,T,T,0.0,0.0,0.0,24.980959867485936,24.980959867485936,0.0,10.0,T,0.5,3.0,0.05,T,0.65,0.35,BINARY,T,T,T,F,F,DYNAMIC,50,4,1.0,50.0,50.0,4,1.333,25.0,0.05,2,1.0060758818731366,6.245239966871484,13.078986464350775,filter_kh,774
DYNAMIC,32,1,FLAT,13.0,7631,3,400.0,1.0,0.1,25.0,0.08921771381244976,0.08921771381244976,WK_REG,2.0,31.22619983435742,0.65,13.0,0.0,0.0,3.0,F,F,T,T,0.0,0.0,0.0,24.980959867485936,24.980959867485936,0.0,10.0,T,0.5,3.0,0.05,T,0.65,0.35,BINARY,T,T,T,F,F,DYNAMIC,50,4,1.0,50.0,50.0,4,4.375,25.0,0.05,2,1.0060758818731366,6.245239966871484,13.078986464350775,filter_kh,775
DYNAMIC,32,1,FLAT,15.0,7631,3,400.0,1.0,0.1,25.0,0.08921771381321426,0.08921771381321426,WK_REG,2.0,31.226199834624992,0.75,15.0,0.0,0.0,3.0,F,F,T,T,0.0,0.0,0.0,24.980959867699994,24.980959867699994,0.0,0.0,T,0.5,3.0,0.05,T,0.65,0.35,BINARY,T,T,T,F,F,DYNAMIC,50,4,1.0,50.0,50.0,4,0.028,25.0,0.05,2,1.0060758818645157,6.2452399669249985,15.091138227967736,filter_kh,876
DYNAMIC,32,1,FLAT,15.0,7631,3,400.0,1.0,0.1,25.0,0.08921771381321426,0.08921771381321426,WK_REG,2.0,31.226199834624992,0.75,15.0,0.0,0.0,3.0,F,F,T,T,0.0,0.0,0.0,24.980959867699994,24.980959867699994,0.0,0.0,T,0.5,3.0,0.05,T,0.65,0.35,BINARY,T,T,T,F,F,DYNAMIC,50,4,1.0,50.0,50.0,4,0.442,25.0,0.05,2,1.0060758818645157,6.2452399669249985,15.091138227967736,filter_kh,877
DYNAMIC,32,1,FLAT,15.0,7631,3,400.0,1.0,0.1,25.0,0.08921771381321426,0.08921771381321426,WK_REG,2.0,31.226199834624992,0.75,15.0,0.0,0.0,3.0,F,F,T,T,0.0,0.0,0.0,24.980959867699994,24.980959867699994,0.0,0.0,T,0.5,3.0,0.05,T,0.65,0.35,BINARY,T,T,T,F,F,DYNAMIC,50,4,1.0,50.0,50.0,4,0.966,25.0,0.05,2,1.0060758818645157,6.2452399669249985,15.091138227967736,filter_kh,878
DYNAMIC,32,1,FLAT,15.0,7631,3,400.0,1.0,0.1,25.0,0.08921771381321426,0.08921771381321426,WK_REG,2.0,31.226199834624992,0.75,15.0,0.0,0.0,3.0,F,F,T,T,0.0,0.0,0.0,24.980959867699994,24.980959867699994,0.0,0.0,T,0.5,3.0,0.05,T,0.65,0.35,BINARY,T,T,T,F,F,DYNAMIC,50,4,1.0,50.0,50.0,4,1.333,25.0,0.05,2,1.0060758818645157,6.2452399669249985,15.091138227967736,filter_kh,879
DYNAMIC,32,1,FLAT,15.0,7631,3,400.0,1.0,0.1,25.0,0.08921771381321426,0.08921771381321426,WK_REG,2.0,31.226199834624992,0.75,15.0,0.0,0.0,3.0,F,F,T,T,0.0,0.0,0.0,24.980959867699994,24.980959867699994,0.0,0.0,T,0.5,3.0,0.05,T,0.65,0.35,BINARY,T,T,T,F,F,DYNAMIC,50,4,1.0,50.0,50.0,4,4.375,25.0,0.05,2,1.0060758818645157,6.2452399669249985,15.091138227967736,filter_kh,880
DYNAMIC,32,1,FLAT,15.0,7631,3,400.0,1.0,0.1,25.0,0.08921771381321426,0.08921771381321426,WK_REG,2.0,31.226199834624992,0.75,15.0,0.0,0.0,3.0,F,F,T,T,0.0,0.0,0.0,24.980959867699994,24.980959867699994,0.0,1.0,T,0.5,3.0,0.05,T,0.65,0.35,BINARY,T,T,T,F,F,DYNAMIC,50,4,1.0,50.0,50.0,4,0.028,25.0,0.05,2,1.0060758818645157,6.2452399669249985,15.091138227967736,filter_kh,881
DYNAMIC,32,1,FLAT,15.0,7631,3,400.0,1.0,0.1,25.0,0.08921771381321426,0.08921771381321426,WK_REG,2.0,31.226199834624992,0.75,15.0,0.0,0.0,3.0,F,F,T,T,0.0,0.0,0.0,24.980959867699994,24.980959867699994,0.0,1.0,T,0.5,3.0,0.05,T,0.65,0.35,BINARY,T,T,T,F,F,DYNAMIC,50,4,1.0,50.0,50.0,4,0.442,25.0,0.05,2,1.0060758818645157,6.2452399669249985,15.091138227967736,filter_kh,882
DYNAMIC,32,1,FLAT,15.0,7631,3,400.0,1.0,0.1,25.0,0.08921771381321426,0.08921771381321426,WK_REG,2.0,31.226199834624992,0.75,15.0,0.0,0.0,3.0,F,F,T,T,0.0,0.0,0.0,24.980959867699994,24.980959867699994,0.0,1.0,T,0.5,3.0,0.05,T,0.65,0.35,BINARY,T,T,T,F,F,DYNAMIC,50,4,1.0,50.0,50.0,4,0.966,25.0,0.05,2,1.0060758818645157,6.2452399669249985,15.091138227967736,filter_kh,883
DYNAMIC,32,1,FLAT,15.0,7631,3,400.0,1.0,0.1,25.0,0.08921771381321426,0.08921771381321426,WK_REG,2.0,31.226199834624992,0.75,15.0,0.0,0.0,3.0,F,F,T,T,0.0,0.0,0.0,24.980959867699994,24.980959867699994,0.0,1.0,T,0.5,3.0,0.05,T,0.65,0.35,BINARY,T,T,T,F,F,DYNAMIC,50,4,1.0,50.0,50.0,4,1.333,25.0,0.05,2,1.0060758818645157,6.2452399669249985,15.091138227967736,filter_kh,884
DYNAMIC,32,1,FLAT,15.0,7631,3,400.0,1.0,0.1,25.0,0.08921771381321426,0.08921771381321426,WK_REG,2.0,31.226199834624992,0.75,15.0,0.0,0.0,3.0,F,F,T,T,0.0,0.0,0.0,24.980959867699994,24.980959867699994,0.0,1.0,T,0.5,3.0,0.05,T,0.65,0.35,BINARY,T,T,T,F,F,DYNAMIC,50,4,1.0,50.0,50.0,4,4.375,25.0,0.05,2,1.0060758818645157,6.2452399669249985,15.091138227967736,filter_kh,885
DYNAMIC,32,1,FLAT,15.0,7631,3,400.0,1.0,0.1,25.0,0.08921771381321426,0.08921771381321426,WK_REG,2.0,31.226199834624992,0.75,15.0,0.0,0.0,3.0,F,F,T,T,0.0,0.0,0.0,24.980959867699994,24.980959867699994,0.0,2.0,T,0.5,3.0,0.05,T,0.65,0.35,BINARY,T,T,T,F,F,DYNAMIC,50,4,1.0,50.0,50.0,4,0.028,25.0,0.05,2,1.0060758818645157,6.2452399669249985,15.091138227967736,filter_kh,886
DYNAMIC,32,1,FLAT,15.0,7631,3,400.0,1.0,0.1,25.0,0.08921771381321426,0.08921771381321426,WK_REG,2.0,31.226199834624992,0.75,15.0,0.0,0.0,3.0,F,F,T,T,0.0,0.0,0.0,24.980959867699994,24.980959867699994,0.0,2.0,T,0.5,3.0,0.05,T,0.65,0.35,BINARY,T,T,T,F,F,DYNAMIC,50,4,1.0,50.0,50.0,4,0.442,25.0,0.05,2,1.0060758818645157,6.2452399669249985,15.091138227967736,filter_kh,887
DYNAMIC,32,1,FLAT,15.0,7631,3,400.0,1.0,0.1,25.0,0.08921771381321426,0.08921771381321426,WK_REG,2.0,31.226199834624992,0.75,15.0,0.0,0.0,3.0,F,F,T,T,0.0,0.0,0.0,24.980959867699994,24.980959867699994,0.0,2.0,T,0.5,3.0,0.05,T,0.65,0.35,BINARY,T,T,T,F,F,DYNAMIC,50,4,1.0,50.0,50.0,4,0.966,25.0,0.05,2,1.0060758818645157,6.2452399669249985,15.091138227967736,filter_kh,888
DYNAMIC,32,1,FLAT,15.0,7631,3,400.0,1.0,0.1,25.0,0.08921771381321426,0.08921771381321426,WK_REG,2.0,31.226199834624992,0.75,15.0,0.0,0.0,3.0,F,F,T,T,0.0,0.0,0.0,24.980959867699994,24.980959867699994,0.0,2.0,T,0.5,3.0,0.05,T,0.65,0.35,BINARY,T,T,T,F,F,DYNAMIC,50,4,1.0,50.0,50.0,4,1.333,25.0,0.05,2,1.0060758818645157,6.2452399669249985,15.091138227967736,filter_kh,889
DYNAMIC,32,1,FLAT,15.0,7631,3,400.0,1.0,0.1,25.0,0.08921771381321426,0.08921771381321426,WK_REG,2.0,31.226199834624992,0.75,15.0,0.0,0.0,3.0,F,F,T,T,0.0,0.0,0.0,24.980959867699994,24.980959867699994,0.0,2.0,T,0.5,3.0,0.05,T,0.65,0.35,BINARY,T,T,T,F,F,DYNAMIC,50,4,1.0,50.0,50.0,4,4.375,25.0,0.05,2,1.0060758818645157,6.2452399669249985,15.091138227967736,filter_kh,890
DYNAMIC,32,1,FLAT,15.0,7631,3,400.0,1.0,0.1,25.0,0.08921771381321426,0.08921771381321426,WK_REG,2.0,31.226199834624992,0.75,15.0,0.0,0.0,3.0,F,F,T,T,0.0,0.0,0.0,24.980959867699994,24.980959867699994,0.0,5.0,T,0.5,3.0,0.05,T,0.65,0.35,BINARY,T,T,T,F,F,DYNAMIC,50,4,1.0,50.0,50.0,4,0.028,25.0,0.05,2,1.0060758818645157,6.2452399669249985,15.091138227967736,filter_kh,891
DYNAMIC,32,1,FLAT,15.0,7631,3,400.0,1.0,0.1,25.0,0.08921771381321426,0.08921771381321426,WK_REG,2.0,31.226199834624992,0.75,15.0,0.0,0.0,3.0,F,F,T,T,0.0,0.0,0.0,24.980959867699994,24.980959867699994,0.0,5.0,T,0.5,3.0,0.05,T,0.65,0.35,BINARY,T,T,T,F,F,DYNAMIC,50,4,1.0,50.0,50.0,4,0.442,25.0,0.05,2,1.0060758818645157,6.2452399669249985,15.091138227967736,filter_kh,892
DYNAMIC,32,1,FLAT,15.0,7631,3,400.0,1.0,0.1,25.0,0.08921771381321426,0.08921771381321426,WK_REG,2.0,31.226199834624992,0.75,15.0,0.0,0.0,3.0,F,F,T,T,0.0,0.0,0.0,24.980959867699994,24.980959867699994,0.0,5.0,T,0.5,3.0,0.05,T,0.65,0.35,BINARY,T,T,T,F,F,DYNAMIC,50,4,1.0,50.0,50.0,4,0.966,25.0,0.05,2,1.0060758818645157,6.2452399669249985,15.091138227967736,filter_kh,893
DYNAMIC,32,1,FLAT,15.0,7631,3,400.0,1.0,0.1,25.0,0.08921771381321426,0.08921771381321426,WK_REG,2.0,31.226199834624992,0.75,15.0,0.0,0.0,3.0,F,F,T,T,0.0,0.0,0.0,24.980959867699994,24.980959867699994,0.0,5.0,T,0.5,3.0,0.05,T,0.65,0.35,BINARY,T,T,T,F,F,DYNAMIC,50,4,1.0,50.0,50.0,4,1.333,25.0,0.05,2,1.0060758818645157,6.2452399669249985,15.091138227967736,filter_kh,894
DYNAMIC,32,1,FLAT,15.0,7631,3,400.0,1.0,0.1,25.0,0.08921771381321426,0.08921771381321426,WK_REG,2.0,31.226199834624992,0.75,15.0,0.0,0.0,3.0,F,F,T,T,0.0,0.0,0.0,24.980959867699994,24.980959867699994,0.0,5.0,T,0.5,3.0,0.05,T,0.65,0.35,BINARY,T,T,T,F,F,DYNAMIC,50,4,1.0,50.0,50.0,4,4.375,25.0,0.05,2,1.0060758818645157,6.2452399669249985,15.091138227967736,filter_kh,895
DYNAMIC,32,1,FLAT,15.0,7631,3,400.0,1.0,0.1,25.0,0.08921771381321426,0.08921771381321426,WK_REG,2.0,31.226199834624992,0.75,15.0,0.0,0.0,3.0,F,F,T,T,0.0,0.0,0.0,24.980959867699994,24.980959867699994,0.0,10.0,T,0.5,3.0,0.05,T,0.65,0.35,BINARY,T,T,T,F,F,DYNAMIC,50,4,1.0,50.0,50.0,4,0.028,25.0,0.05,2,1.0060758818645157,6.2452399669249985,15.091138227967736,filter_kh,896
DYNAMIC,32,1,FLAT,15.0,7631,3,400.0,1.0,0.1,25.0,0.08921771381321426,0.08921771381321426,WK_REG,2.0,31.226199834624992,0.75,15.0,0.0,0.0,3.0,F,F,T,T,0.0,0.0,0.0,24.980959867699994,24.980959867699994,0.0,10.0,T,0.5,3.0,0.05,T,0.65,0.35,BINARY,T,T,T,F,F,DYNAMIC,50,4,1.0,50.0,50.0,4,0.442,25.0,0.05,2,1.0060758818645157,6.2452399669249985,15.091138227967736,filter_kh,897
DYNAMIC,32,1,FLAT,15.0,7631,3,400.0,1.0,0.1,25.0,0.08921771381321426,0.08921771381321426,WK_REG,2.0,31.226199834624992,0.75,15.0,0.0,0.0,3.0,F,F,T,T,0.0,0.0,0.0,24.980959867699994,24.980959867699994,0.0,10.0,T,0.5,3.0,0.05,T,0.65,0.35,BINARY,T,T,T,F,F,DYNAMIC,50,4,1.0,50.0,50.0,4,0.966,25.0,0.05,2,1.0060758818645157,6.2452399669249985,15.091138227967736,filter_kh,898
DYNAMIC,32,1,FLAT,15.0,7631,3,400.0,1.0,0.1,25.0,0.08921771381321426,0.08921771381321426,WK_REG,2.0,31.226199834624992,0.75,15.0,0.0,0.0,3.0,F,F,T,T,0.0,0.0,0.0,24.980959867699994,24.980959867699994,0.0,10.0,T,0.5,3.0,0.05,T,0.65,0.35,BINARY,T,T,T,F,F,DYNAMIC,50,4,1.0,50.0,50.0,4,1.333,25.0,0.05,2,1.0060758818645157,6.2452399669249985,15.091138227967736,filter_kh,899
DYNAMIC,32,1,FLAT,15.0,7631,3,400.0,1.0,0.1,25.0,0.08921771381321426,0.08921771381321426,WK_REG,2.0,31.226199834624992,0.75,15.0,0.0,0.0,3.0,F,F,T,T,0.0,0.0,0.0,24.980959867699994,24.980959867699994,0.0,10.0,T,0.5,3.0,0.05,T,0.65,0.35,BINARY,T,T,T,F,F,DYNAMIC,50,4,1.0,50.0,50.0,4,4.375,25.0,0.05,2,1.0060758818645157,6.2452399669249985,15.091138227967736,filter_kh,900
DYNAMIC,32,1,FLAT,17.0,7630,3,400.0,1.0,0.1,25.0,0.08921771381322795,0.08921771381322795,WK_REG,2.0,31.22619983462978,0.8500000000000001,17.0,0.0,0.0,3.0,F,F,T,T,0.0,0.0,0.0,24.980959867703824,24.980959867703824,0.0,0.0,T,0.5,3.0,0.05,T,0.65,0.35,BINARY,T,T,T,F,F,DYNAMIC,50,4,1.0,50.0,50.0,4,0.028,25.0,0.05,2,1.0060758818643614,6.245239966925956,17.103289991694144,filter_kh,1001
DYNAMIC,32,1,FLAT,17.0,7630,3,400.0,1.0,0.1,25.0,0.08921771381322795,0.08921771381322795,WK_REG,2.0,31.22619983462978,0.8500000000000001,17.0,0.0,0.0,3.0,F,F,T,T,0.0,0.0,0.0,24.980959867703824,24.980959867703824,0.0,0.0,T,0.5,3.0,0.05,T,0.65,0.35,BINARY,T,T,T,F,F,DYNAMIC,50,4,1.0,50.0,50.0,4,0.442,25.0,0.05,2,1.0060758818643614,6.245239966925956,17.103289991694144,filter_kh,1002
DYNAMIC,32,1,FLAT,17.0,7630,3,400.0,1.0,0.1,25.0,0.08921771381322795,0.08921771381322795,WK_REG,2.0,31.22619983462978,0.8500000000000001,17.0,0.0,0.0,3.0,F,F,T,T,0.0,0.0,0.0,24.980959867703824,24.980959867703824,0.0,0.0,T,0.5,3.0,0.05,T,0.65,0.35,BINARY,T,T,T,F,F,DYNAMIC,50,4,1.0,50.0,50.0,4,0.966,25.0,0.05,2,1.0060758818643614,6.245239966925956,17.103289991694144,filter_kh,1003
DYNAMIC,32,1,FLAT,17.0,7630,3,400.0,1.0,0.1,25.0,0.08921771381322795,0.08921771381322795,WK_REG,2.0,31.22619983462978,0.8500000000000001,17.0,0.0,0.0,3.0,F,F,T,T,0.0,0.0,0.0,24.980959867703824,24.980959867703824,0.0,0.0,T,0.5,3.0,0.05,T,0.65,0.35,BINARY,T,T,T,F,F,DYNAMIC,50,4,1.0,50.0,50.0,4,1.333,25.0,0.05,2,1.0060758818643614,6.245239966925956,17.103289991694144,filter_kh,1004
DYNAMIC,32,1,FLAT,17.0,7630,3,400.0,1.0,0.1,25.0,0.08921771381322795,0.08921771381322795,WK_REG,2.0,31.22619983462978,0.8500000000000001,17.0,0.0,0.0,3.0,F,F,T,T,0.0,0.0,0.0,24.980959867703824,24.980959867703824,0.0,0.0,T,0.5,3.0,0.05,T,0.65,0.35,BINARY,T,T,T,F,F,DYNAMIC,50,4,1.0,50.0,50.0,4,4.375,25.0,0.05,2,1.0060758818643614,6.245239966925956,17.103289991694144,filter_kh,1005
DYNAMIC,32,1,FLAT,17.0,7630,3,400.0,1.0,0.1,25.0,0.08921771381322795,0.08921771381322795,WK_REG,2.0,31.22619983462978,0.8500000000000001,17.0,0.0,0.0,3.0,F,F,T,T,0.0,0.0,0.0,24.980959867703824,24.980959867703824,0.0,1.0,T,0.5,3.0,0.05,T,0.65,0.35,BINARY,T,T,T,F,F,DYNAMIC,50,4,1.0,50.0,50.0,4,0.028,25.0,0.05,2,1.0060758818643614,6.245239966925956,17.103289991694144,filter_kh,1006
DYNAMIC,32,1,FLAT,17.0,7630,3,400.0,1.0,0.1,25.0,0.08921771381322795,0.08921771381322795,WK_REG,2.0,31.22619983462978,0.8500000000000001,17.0,0.0,0.0,3.0,F,F,T,T,0.0,0.0,0.0,24.980959867703824,24.980959867703824,0.0,1.0,T,0.5,3.0,0.05,T,0.65,0.35,BINARY,T,T,T,F,F,DYNAMIC,50,4,1.0,50.0,50.0,4,0.442,25.0,0.05,2,1.0060758818643614,6.245239966925956,17.103289991694144,filter_kh,1007
DYNAMIC,32,1,FLAT,17.0,7630,3,400.0,1.0,0.1,25.0,0.08921771381322795,0.08921771381322795,WK_REG,2.0,31.22619983462978,0.8500000000000001,17.0,0.0,0.0,3.0,F,F,T,T,0.0,0.0,0.0,24.980959867703824,24.980959867703824,0.0,1.0,T,0.5,3.0,0.05,T,0.65,0.35,BINARY,T,T,T,F,F,DYNAMIC,50,4,1.0,50.0,50.0,4,0.966,25.0,0.05,2,1.0060758818643614,6.245239966925956,17.103289991694144,filter_kh,1008
DYNAMIC,32,1,FLAT,17.0,7630,3,400.0,1.0,0.1,25.0,0.08921771381322795,0.08921771381322795,WK_REG,2.0,31.22619983462978,0.8500000000000001,17.0,0.0,0.0,3.0,F,F,T,T,0.0,0.0,0.0,24.980959867703824,24.980959867703824,0.0,1.0,T,0.5,3.0,0.05,T,0.65,0.35,BINARY,T,T,T,F,F,DYNAMIC,50,4,1.0,50.0,50.0,4,1.333,25.0,0.05,2,1.0060758818643614,6.245239966925956,17.103289991694144,filter_kh,1009
DYNAMIC,32,1,FLAT,17.0,7630,3,400.0,1.0,0.1,25.0,0.08921771381322795,0.08921771381322795,WK_REG,2.0,31.22619983462978,0.8500000000000001,17.0,0.0,0.0,3.0,F,F,T,T,0.0,0.0,0.0,24.980959867703824,24.980959867703824,0.0,1.0,T,0.5,3.0,0.05,T,0.65,0.35,BINARY,T,T,T,F,F,DYNAMIC,50,4,1.0,50.0,50.0,4,4.375,25.0,0.05,2,1.0060758818643614,6.245239966925956,17.103289991694144,filter_kh,1010
DYNAMIC,32,1,FLAT,17.0,7630,3,400.0,1.0,0.1,25.0,0.08921771381322795,0.08921771381322795,WK_REG,2.0,31.22619983462978,0.8500000000000001,17.0,0.0,0.0,3.0,F,F,T,T,0.0,0.0,0.0,24.980959867703824,24.980959867703824,0.0,2.0,T,0.5,3.0,0.05,T,0.65,0.35,BINARY,T,T,T,F,F,DYNAMIC,50,4,1.0,50.0,50.0,4,0.028,25.0,0.05,2,1.0060758818643614,6.245239966925956,17.103289991694144,filter_kh,1011
DYNAMIC,32,1,FLAT,17.0,7630,3,400.0,1.0,0.1,25.0,0.08921771381322795,0.08921771381322795,WK_REG,2.0,31.22619983462978,0.8500000000000001,17.0,0.0,0.0,3.0,F,F,T,T,0.0,0.0,0.0,24.980959867703824,24.980959867703824,0.0,2.0,T,0.5,3.0,0.05,T,0.65,0.35,BINARY,T,T,T,F,F,DYNAMIC,50,4,1.0,50.0,50.0,4,0.442,25.0,0.05,2,1.0060758818643614,6.245239966925956,17.103289991694144,filter_kh,1012
DYNAMIC,32,1,FLAT,17.0,7630,3,400.0,1.0,0.1,25.0,0.08921771381322795,0.08921771381322795,WK_REG,2.0,31.22619983462978,0.8500000000000001,17.0,0.0,0.0,3.0,F,F,T,T,0.0,0.0,0.0,24.980959867703824,24.980959867703824,0.0,2.0,T,0.5,3.0,0.05,T,0.65,0.35,BINARY,T,T,T,F,F,DYNAMIC,50,4,1.0,50.0,50.0,4,0.966,25.0,0.05,2,1.0060758818643614,6.245239966925956,17.103289991694144,filter_kh,1013
DYNAMIC,32,1,FLAT,17.0,7630,3,400.0,1.0,0.1,25.0,0.08921771381322795,0.08921771381322795,WK_REG,2.0,31.22619983462978,0.8500000000000001,17.0,0.0,0.0,3.0,F,F,T,T,0.0,0.0,0.0,24.980959867703824,24.980959867703824,0.0,2.0,T,0.5,3.0,0.05,T,0.65,0.35,BINARY,T,T,T,F,F,DYNAMIC,50,4,1.0,50.0,50.0,4,1.333,25.0,0.05,2,1.0060758818643614,6.245239966925956,17.103289991694144,filter_kh,1014
DYNAMIC,32,1,FLAT,17.0,7630,3,400.0,1.0,0.1,25.0,0.08921771381322795,0.08921771381322795,WK_REG,2.0,31.22619983462978,0.8500000000000001,17.0,0.0,0.0,3.0,F,F,T,T,0.0,0.0,0.0,24.980959867703824,24.980959867703824,0.0,2.0,T,0.5,3.0,0.05,T,0.65,0.35,BINARY,T,T,T,F,F,DYNAMIC,50,4,1.0,50.0,50.0,4,4.375,25.0,0.05,2,1.0060758818643614,6.245239966925956,17.103289991694144,filter_kh,1015
DYNAMIC,32,1,FLAT,17.0,7630,3,400.0,1.0,0.1,25.0,0.08921771381322795,0.08921771381322795,WK_REG,2.0,31.22619983462978,0.8500000000000001,17.0,0.0,0.0,3.0,F,F,T,T,0.0,0.0,0.0,24.980959867703824,24.980959867703824,0.0,5.0,T,0.5,3.0,0.05,T,0.65,0.35,BINARY,T,T,T,F,F,DYNAMIC,50,4,1.0,50.0,50.0,4,0.028,25.0,0.05,2,1.0060758818643614,6.245239966925956,17.103289991694144,filter_kh,1016
DYNAMIC,32,1,FLAT,17.0,7630,3,400.0,1.0,0.1,25.0,0.08921771381322795,0.08921771381322795,WK_REG,2.0,31.22619983462978,0.8500000000000001,17.0,0.0,0.0,3.0,F,F,T,T,0.0,0.0,0.0,24.980959867703824,24.980959867703824,0.0,5.0,T,0.5,3.0,0.05,T,0.65,0.35,BINARY,T,T,T,F,F,DYNAMIC,50,4,1.0,50.0,50.0,4,0.442,25.0,0.05,2,1.0060758818643614,6.245239966925956,17.103289991694144,filter_kh,1017
DYNAMIC,32,1,FLAT,17.0,7630,3,400.0,1.0,0.1,25.0,0.08921771381322795,0.08921771381322795,WK_REG,2.0,31.22619983462978,0.8500000000000001,17.0,0.0,0.0,3.0,F,F,T,T,0.0,0.0,0.0,24.980959867703824,24.980959867703824,0.0,5.0,T,0.5,3.0,0.05,T,0.65,0.35,BINARY,T,T,T,F,F,DYNAMIC,50,4,1.0,50.0,50.0,4,0.966,25.0,0.05,2,1.0060758818643614,6.245239966925956,17.103289991694144,filter_kh,1018
DYNAMIC,32,1,FLAT,17.0,7630,3,400.0,1.0,0.1,25.0,0.08921771381322795,0.08921771381322795,WK_REG,2.0,31.22619983462978,0.8500000000000001,17.0,0.0,0.0,3.0,F,F,T,T,0.0,0.0,0.0,24.980959867703824,24.980959867703824,0.0,5.0,T,0.5,3.0,0.05,T,0.65,0.35,BINARY,T,T,T,F,F,DYNAMIC,50,4,1.0,50.0,50.0,4,1.333,25.0,0.05,2,1.0060758818643614,6.245239966925956,17.103289991694144,filter_kh,1019
DYNAMIC,32,1,FLAT,17.0,7630,3,400.0,1.0,0.1,25.0,0.08921771381322795,0.08921771381322795,WK_REG,2.0,31.22619983462978,0.8500000000000001,17.0,0.0,0.0,3.0,F,F,T,T,0.0,0.0,0.0,24.980959867703824,24.980959867703824,0.0,5.0,T,0.5,3.0,0.05,T,0.65,0.35,BINARY,T,T,T,F,F,DYNAMIC,50,4,1.0,50.0,50.0,4,4.375,25.0,0.05,2,1.0060758818643614,6.245239966925956,17.103289991694144,filter_kh,1020
DYNAMIC,32,1,FLAT,17.0,7630,3,400.0,1.0,0.1,25.0,0.08921771381322795,0.08921771381322795,WK_REG,2.0,31.22619983462978,0.8500000000000001,17.0,0.0,0.0,3.0,F,F,T,T,0.0,0.0,0.0,24.980959867703824,24.980959867703824,0.0,10.0,T,0.5,3.0,0.05,T,0.65,0.35,BINARY,T,T,T,F,F,DYNAMIC,50,4,1.0,50.0,50.0,4,0.028,25.0,0.05,2,1.0060758818643614,6.245239966925956,17.103289991694144,filter_kh,1021
DYNAMIC,32,1,FLAT,17.0,7630,3,400.0,1.0,0.1,25.0,0.08921771381322795,0.08921771381322795,WK_REG,2.0,31.22619983462978,0.8500000000000001,17.0,0.0,0.0,3.0,F,F,T,T,0.0,0.0,0.0,24.980959867703824,24.980959867703824,0.0,10.0,T,0.5,3.0,0.05,T,0.65,0.35,BINARY,T,T,T,F,F,DYNAMIC,50,4,1.0,50.0,50.0,4,0.442,25.0,0.05,2,1.0060758818643614,6.245239966925956,17.103289991694144,filter_kh,1022
DYNAMIC,32,1,FLAT,17.0,7630,3,400.0,1.0,0.1,25.0,0.08921771381322795,0.08921771381322795,WK_REG,2.0,31.22619983462978,0.8500000000000001,17.0,0.0,0.0,3.0,F,F,T,T,0.0,0.0,0.0,24.980959867703824,24.980959867703824,0.0,10.0,T,0.5,3.0,0.05,T,0.65,0.35,BINARY,T,T,T,F,F,DYNAMIC,50,4,1.0,50.0,50.0,4,0.966,25.0,0.05,2,1.0060758818643614,6.245239966925956,17.103289991694144,filter_kh,1023
DYNAMIC,32,1,FLAT,17.0,7630,3,400.0,1.0,0.1,25.0,0.08921771381322795,0.08921771381322795,WK_REG,2.0,31.22619983462978,0.8500000000000001,17.0,0.0,0.0,3.0,F,F,T,T,0.0,0.0,0.0,24.980959867703824,24.980959867703824,0.0,10.0,T,0.5,3.0,0.05,T,0.65,0.35,BINARY,T,T,T,F,F,DYNAMIC,50,4,1.0,50.0,50.0,4,1.333,25.0,0.05,2,1.0060758818643614,6.245239966925956,17.103289991694144,filter_kh,1024
DYNAMIC,32,1,FLAT,17.0,7630,3,400.0,1.0,0.1,25.0,0.08921771381322795,0.08921771381322795,WK_REG,2.0,31.22619983462978,0.8500000000000001,17.0,0.0,0.0,3.0,F,F,T,T,0.0,0.0,0.0,24.980959867703824,24.980959867703824,0.0,10.0,T,0.5,3.0,0.05,T,0.65,0.35,BINARY,T,T,T,F,F,DYNAMIC,50,4,1.0,50.0,50.0,4,4.375,25.0,0.05,2,1.0060758818643614,6.245239966925956,17.103289991694144,filter_kh,1025
DYNAMIC,32,1,FLAT,19.0,7631,3,400.0,1.0,0.1,25.0,0.0892177138132282,0.0892177138132282,WK_REG,2.0,31.226199834629867,0.9500000000000001,19.0,0.0,0.0,3.0,F,F,T,T,0.0,0.0,0.0,24.980959867703895,24.980959867703895,0.0,0.0,T,0.5,3.0,0.05,T,0.65,0.35,BINARY,T,T,T,F,F,DYNAMIC,50,4,1.0,50.0,50.0,4,0.028,25.0,0.05,2,1.0060758818643585,6.245239966925974,19.11544175542281,filter_kh,1126
DYNAMIC,32,1,FLAT,19.0,7631,3,400.0,1.0,0.1,25.0,0.0892177138132282,0.0892177138132282,WK_REG,2.0,31.226199834629867,0.9500000000000001,19.0,0.0,0.0,3.0,F,F,T,T,0.0,0.0,0.0,24.980959867703895,24.980959867703895,0.0,0.0,T,0.5,3.0,0.05,T,0.65,0.35,BINARY,T,T,T,F,F,DYNAMIC,50,4,1.0,50.0,50.0,4,0.442,25.0,0.05,2,1.0060758818643585,6.245239966925974,19.11544175542281,filter_kh,1127
DYNAMIC,32,1,FLAT,19.0,7631,3,400.0,1.0,0.1,25.0,0.0892177138132282,0.0892177138132282,WK_REG,2.0,31.226199834629867,0.9500000000000001,19.0,0.0,0.0,3.0,F,F,T,T,0.0,0.0,0.0,24.980959867703895,24.980959867703895,0.0,0.0,T,0.5,3.0,0.05,T,0.65,0.35,BINARY,T,T,T,F,F,DYNAMIC,50,4,1.0,50.0,50.0,4,0.966,25.0,0.05,2,1.0060758818643585,6.245239966925974,19.11544175542281,filter_kh,1128
DYNAMIC,32,1,FLAT,19.0,7631,3,400.0,1.0,0.1,25.0,0.0892177138132282,0.0892177138132282,WK_REG,2.0,31.226199834629867,0.9500000000000001,19.0,0.0,0.0,3.0,F,F,T,T,0.0,0.0,0.0,24.980959867703895,24.980959867703895,0.0,0.0,T,0.5,3.0,0.05,T,0.65,0.35,BINARY,T,T,T,F,F,DYNAMIC,50,4,1.0,50.0,50.0,4,1.333,25.0,0.05,2,1.0060758818643585,6.245239966925974,19.11544175542281,filter_kh,1129
DYNAMIC,32,1,FLAT,19.0,7631,3,400.0,1.0,0.1,25.0,0.0892177138132282,0.0892177138132282,WK_REG,2.0,31.226199834629867,0.9500000000000001,19.0,0.0,0.0,3.0,F,F,T,T,0.0,0.0,0.0,24.980959867703895,24.980959867703895,0.0,0.0,T,0.5,3.0,0.05,T,0.65,0.35,BINARY,T,T,T,F,F,DYNAMIC,50,4,1.0,50.0,50.0,4,4.375,25.0,0.05,2,1.0060758818643585,6.245239966925974,19.11544175542281,filter_kh,1130
DYNAMIC,32,1,FLAT,19.0,7631,3,400.0,1.0,0.1,25.0,0.0892177138132282,0.0892177138132282,WK_REG,2.0,31.226199834629867,0.9500000000000001,19.0,0.0,0.0,3.0,F,F,T,T,0.0,0.0,0.0,24.980959867703895,24.980959867703895,0.0,1.0,T,0.5,3.0,0.05,T,0.65,0.35,BINARY,T,T,T,F,F,DYNAMIC,50,4,1.0,50.0,50.0,4,0.028,25.0,0.05,2,1.0060758818643585,6.245239966925974,19.11544175542281,filter_kh,1131
DYNAMIC,32,1,FLAT,19.0,7631,3,400.0,1.0,0.1,25.0,0.0892177138132282,0.0892177138132282,WK_REG,2.0,31.226199834629867,0.9500000000000001,19.0,0.0,0.0,3.0,F,F,T,T,0.0,0.0,0.0,24.980959867703895,24.980959867703895,0.0,1.0,T,0.5,3.0,0.05,T,0.65,0.35,BINARY,T,T,T,F,F,DYNAMIC,50,4,1.0,50.0,50.0,4,0.442,25.0,0.05,2,1.0060758818643585,6.245239966925974,19.11544175542281,filter_kh,1132
DYNAMIC,32,1,FLAT,19.0,7631,3,400.0,1.0,0.1,25.0,0.0892177138132282,0.0892177138132282,WK_REG,2.0,31.226199834629867,0.9500000000000001,19.0,0.0,0.0,3.0,F,F,T,T,0.0,0.0,0.0,24.980959867703895,24.980959867703895,0.0,1.0,T,0.5,3.0,0.05,T,0.65,0.35,BINARY,T,T,T,F,F,DYNAMIC,50,4,1.0,50.0,50.0,4,0.966,25.0,0.05,2,1.0060758818643585,6.245239966925974,19.11544175542281,filter_kh,1133
DYNAMIC,32,1,FLAT,19.0,7631,3,400.0,1.0,0.1,25.0,0.0892177138132282,0.0892177138132282,WK_REG,2.0,31.226199834629867,0.9500000000000001,19.0,0.0,0.0,3.0,F,F,T,T,0.0,0.0,0.0,24.980959867703895,24.980959867703895,0.0,1.0,T,0.5,3.0,0.05,T,0.65,0.35,BINARY,T,T,T,F,F,DYNAMIC,50,4,1.0,50.0,50.0,4,1.333,25.0,0.05,2,1.0060758818643585,6.245239966925974,19.11544175542281,filter_kh,1134
DYNAMIC,32,1,FLAT,19.0,7631,3,400.0,1.0,0.1,25.0,0.0892177138132282,0.0892177138132282,WK_REG,2.0,31.226199834629867,0.9500000000000001,19.0,0.0,0.0,3.0,F,F,T,T,0.0,0.0,0.0,24.980959867703895,24.980959867703895,0.0,1.0,T,0.5,3.0,0.05,T,0.65,0.35,BINARY,T,T,T,F,F,DYNAMIC,50,4,1.0,50.0,50.0,4,4.375,25.0,0.05,2,1.0060758818643585,6.245239966925974,19.11544175542281,filter_kh,1135
DYNAMIC,32,1,FLAT,19.0,7631,3,400.0,1.0,0.1,25.0,0.0892177138132282,0.0892177138132282,WK_REG,2.0,31.226199834629867,0.9500000000000001,19.0,0.0,0.0,3.0,F,F,T,T,0.0,0.0,0.0,24.980959867703895,24.980959867703895,0.0,2.0,T,0.5,3.0,0.05,T,0.65,0.35,BINARY,T,T,T,F,F,DYNAMIC,50,4,1.0,50.0,50.0,4,0.028,25.0,0.05,2,1.0060758818643585,6.245239966925974,19.11544175542281,filter_kh,1136
DYNAMIC,32,1,FLAT,19.0,7631,3,400.0,1.0,0.1,25.0,0.0892177138132282,0.0892177138132282,WK_REG,2.0,31.226199834629867,0.9500000000000001,19.0,0.0,0.0,3.0,F,F,T,T,0.0,0.0,0.0,24.980959867703895,24.980959867703895,0.0,2.0,T,0.5,3.0,0.05,T,0.65,0.35,BINARY,T,T,T,F,F,DYNAMIC,50,4,1.0,50.0,50.0,4,0.442,25.0,0.05,2,1.0060758818643585,6.245239966925974,19.11544175542281,filter_kh,1137
DYNAMIC,32,1,FLAT,19.0,7631,3,400.0,1.0,0.1,25.0,0.0892177138132282,0.0892177138132282,WK_REG,2.0,31.226199834629867,0.9500000000000001,19.0,0.0,0.0,3.0,F,F,T,T,0.0,0.0,0.0,24.980959867703895,24.980959867703895,0.0,2.0,T,0.5,3.0,0.05,T,0.65,0.35,BINARY,T,T,T,F,F,DYNAMIC,50,4,1.0,50.0,50.0,4,0.966,25.0,0.05,2,1.0060758818643585,6.245239966925974,19.11544175542281,filter_kh,1138
DYNAMIC,32,1,FLAT,19.0,7631,3,400.0,1.0,0.1,25.0,0.0892177138132282,0.0892177138132282,WK_REG,2.0,31.226199834629867,0.9500000000000001,19.0,0.0,0.0,3.0,F,F,T,T,0.0,0.0,0.0,24.980959867703895,24.980959867703895,0.0,2.0,T,0.5,3.0,0.05,T,0.65,0.35,BINARY,T,T,T,F,F,DYNAMIC,50,4,1.0,50.0,50.0,4,1.333,25.0,0.05,2,1.0060758818643585,6.245239966925974,19.11544175542281,filter_kh,1139
DYNAMIC,32,1,FLAT,19.0,7631,3,400.0,1.0,0.1,25.0,0.0892177138132282,0.0892177138132282,WK_REG,2.0,31.226199834629867,0.9500000000000001,19.0,0.0,0.0,3.0,F,F,T,T,0.0,0.0,0.0,24.980959867703895,24.980959867703895,0.0,2.0,T,0.5,3.0,0.05,T,0.65,0.35,BINARY,T,T,T,F,F,DYNAMIC,50,4,1.0,50.0,50.0,4,4.375,25.0,0.05,2,1.0060758818643585,6.245239966925974,19.11544175542281,filter_kh,1140
DYNAMIC,32,1,FLAT,19.0,7631,3,400.0,1.0,0.1,25.0,0.0892177138132282,0.0892177138132282,WK_REG,2.0,31.226199834629867,0.9500000000000001,19.0,0.0,0.0,3.0,F,F,T,T,0.0,0.0,0.0,24.980959867703895,24.980959867703895,0.0,5.0,T,0.5,3.0,0.05,T,0.65,0.35,BINARY,T,T,T,F,F,DYNAMIC,50,4,1.0,50.0,50.0,4,0.028,25.0,0.05,2,1.0060758818643585,6.245239966925974,19.11544175542281,filter_kh,1141
DYNAMIC,32,1,FLAT,19.0,7631,3,400.0,1.0,0.1,25.0,0.0892177138132282,0.0892177138132282,WK_REG,2.0,31.226199834629867,0.9500000000000001,19.0,0.0,0.0,3.0,F,F,T,T,0.0,0.0,0.0,24.980959867703895,24.980959867703895,0.0,5.0,T,0.5,3.0,0.05,T,0.65,0.35,BINARY,T,T,T,F,F,DYNAMIC,50,4,1.0,50.0,50.0,4,0.442,25.0,0.05,2,1.0060758818643585,6.245239966925974,19.11544175542281,filter_kh,1142
DYNAMIC,32,1,FLAT,19.0,7631,3,400.0,1.0,0.1,25.0,0.0892177138132282,0.0892177138132282,WK_REG,2.0,31.226199834629867,0.9500000000000001,19.0,0.0,0.0,3.0,F,F,T,T,0.0,0.0,0.0,24.980959867703895,24.980959867703895,0.0,5.0,T,0.5,3.0,0.05,T,0.65,0.35,BINARY,T,T,T,F,F,DYNAMIC,50,4,1.0,50.0,50.0,4,0.966,25.0,0.05,2,1.0060758818643585,6.245239966925974,19.11544175542281,filter_kh,1143
DYNAMIC,32,1,FLAT,19.0,7631,3,400.0,1.0,0.1,25.0,0.0892177138132282,0.0892177138132282,WK_REG,2.0,31.226199834629867,0.9500000000000001,19.0,0.0,0.0,3.0,F,F,T,T,0.0,0.0,0.0,24.980959867703895,24.980959867703895,0.0,5.0,T,0.5,3.0,0.05,T,0.65,0.35,BINARY,T,T,T,F,F,DYNAMIC,50,4,1.0,50.0,50.0,4,1.333,25.0,0.05,2,1.0060758818643585,6.245239966925974,19.11544175542281,filter_kh,1144
DYNAMIC,32,1,FLAT,19.0,7631,3,400.0,1.0,0.1,25.0,0.0892177138132282,0.0892177138132282,WK_REG,2.0,31.226199834629867,0.9500000000000001,19.0,0.0,0.0,3.0,F,F,T,T,0.0,0.0,0.0,24.980959867703895,24.980959867703895,0.0,5.0,T,0.5,3.0,0.05,T,0.65,0.35,BINARY,T,T,T,F,F,DYNAMIC,50,4,1.0,50.0,50.0,4,4.375,25.0,0.05,2,1.0060758818643585,6.245239966925974,19.11544175542281,filter_kh,1145
DYNAMIC,32,1,FLAT,19.0,7631,3,400.0,1.0,0.1,25.0,0.0892177138132282,0.0892177138132282,WK_REG,2.0,31.226199834629867,0.9500000000000001,19.0,0.0,0.0,3.0,F,F,T,T,0.0,0.0,0.0,24.980959867703895,24.980959867703895,0.0,10.0,T,0.5,3.0,0.05,T,0.65,0.35,BINARY,T,T,T,F,F,DYNAMIC,50,4,1.0,50.0,50.0,4,0.028,25.0,0.05,2,1.0060758818643585,6.245239966925974,19.11544175542281,filter_kh,1146
DYNAMIC,32,1,FLAT,19.0,7631,3,400.0,1.0,0.1,25.0,0.0892177138132282,0.0892177138132282,WK_REG,2.0,31.226199834629867,0.9500000000000001,19.0,0.0,0.0,3.0,F,F,T,T,0.0,0.0,0.0,24.980959867703895,24.980959867703895,0.0,10.0,T,0.5,3.0,0.05,T,0.65,0.35,BINARY,T,T,T,F,F,DYNAMIC,50,4,1.0,50.0,50.0,4,0.442,25.0,0.05,2,1.0060758818643585,6.245239966925974,19.11544175542281,filter_kh,1147
DYNAMIC,32,1,FLAT,19.0,7631,3,400.0,1.0,0.1,25.0,0.0892177138132282,0.0892177138132282,WK_REG,2.0,31.226199834629867,0.9500000000000001,19.0,0.0,0.0,3.0,F,F,T,T,0.0,0.0,0.0,24.980959867703895,24.980959867703895,0.0,10.0,T,0.5,3.0,0.05,T,0.65,0.35,BINARY,T,T,T,F,F,DYNAMIC,50,4,1.0,50.0,50.0,4,0.966,25.0,0.05,2,1.0060758818643585,6.245239966925974,19.11544175542281,filter_kh,1148
DYNAMIC,32,1,FLAT,19.0,7631,3,400.0,1.0,0.1,25.0,0.0892177138132282,0.0892177138132282,WK_REG,2.0,31.226199834629867,0.9500000000000001,19.0,0.0,0.0,3.0,F,F,T,T,0.0,0.0,0.0,24.980959867703895,24.980959867703895,0.0,10.0,T,0.5,3.0,0.05,T,0.65,0.35,BINARY,T,T,T,F,F,DYNAMIC,50,4,1.0,50.0,50.0,4,1.333,25.0,0.05,2,1.0060758818643585,6.245239966925974,19.11544175542281,filter_kh,1149
DYNAMIC,32,1,FLAT,19.0,7631,3,400.0,1.0,0.1,25.0,0.0892177138132282,0.0892177138132282,WK_REG,2.0,31.226199834629867,0.9500000000000001,19.0,0.0,0.0,3.0,F,F,T,T,0.0,0.0,0.0,24.980959867703895,24.980959867703895,0.0,10.0,T,0.5,3.0,0.05,T,0.65,0.35,BINARY,T,T,T,F,F,DYNAMIC,50,4,1.0,50.0,50.0,4,4.375,25.0,0.05,2,1.0060758818643585,6.245239966925974,19.11544175542281,filter_kh,1150
